6608 6609
9778 9779
4384 4484
3081 3082
3087 3088
4647 4648
4849 4949
4781 4782
2773 2873
9559 9560
7824 7924
8937 8938
9235 9335
4193 4293
8264 8265
2402 2403
2250 2350
9300 9400
1959 1960
9431 9531
4818 4918
1228 1328
1490 1491
9391 9491
4322 4422
2327 2328
6449 6549
9499 9500
4725 4825
3094 3095
4228 4328
4289 4389
9018 9118
8393 8493
1716 1816
2092 2192
6310 6410
3378 3379
956 1056
5578 5678
1539 1540
1032 1132
5903 6003
9419 9420
3307 3308
194 195
2542 2642
2757 2758
5748 5749
1602 1603
3142 3143
7395 7495
3760 3860
6544 6545
4634 4734
5502 5602
3034 3035
394 395
5849 5850
7111 7112
6611 6711
367 368
2181 2281
8588 8688
2592 2593
8505 8605
1372 1373
1684 1685
9048 9049
9270 9271
8071 8171
5642 5742
2014 2114
4441 4541
499 599
7111 7211
2068 2168
377 477
85 185
5475 5476
947 1047
2178 2278
5867 5967
4197 4297
9130 9131
1378 1478
3326 3327
205 305
6548 6648
7363 7364
3814 3914
4381 4382
7726 7727
9074 9174
7186 7187
8551 8552
8620 8621
235 236
4028 4128
1168 1268
5155 5255
5514 5614
2229 2230
9763 9863
7228 7229
6585 6685
841 941
9121 9122
9669 9670
4113 4213
8144 8244
8593 8693
3525 3625
9504 9604
4176 4177
5420 5520
5471 5571
1300 1400
2232 2233
816 817
970 1070
8184 8284
1860 1861
482 582
3867 3967
5032 5132
3279 3379
1139 1239
1552 1553
5236 5336
2086 2186
258 358
9301 9401
5607 5707
3280 3380
9172 9272
4237 4238
4935 4936
4292 4293
3776 3777
637 638
9829 9929
8455 8456
5201 5202
3516 3616
4656 4756
8155 8156
5639 5640
8456 8556
2747 2847
657 757
5287 5387
4746 4747
7687 7787
3427 3527
4783 4883
1515 1615
5245 5345
7913 7914
1051 1151
2120 2121
5233 5234
7679 7680
685 785
3972 4072
9493 9494
2720 2820
8132 8133
726 727
7026 7027
8649 8749
1666 1667
8199 8200
9217 9317
3956 3957
6827 6828
6080 6081
4863 4963
3825 3826
3057 3157
2839 2939
5136 5236
870 871
6184 6284
2939 2940
241 242
6766 6866
8616 8716
5372 5373
2473 2573
8334 8335
9458 9459
278 378
3346 3347
2956 3056
9739 9839
8017 8018
9056 9057
5537 5637
1551 1552
7839 7840
1115 1116
328 428
1221 1321
4351 4352
3433 3533
8883 8884
5147 5247
6081 6082
6252 6352
1049 1149
8854 8855
3480 3580
1728 1828
6417 6517
6517 6518
6331 6332
6981 6982
8909 9009
1787 1887
7260 7360
6240 6241
7398 7498
4772 4773
7358 7359
5048 5148
8053 8153
9578 9678
1923 1924
3645 3745
24 124
5570 5571
5831 5931
9418 9419
4652 4752
4553 4653
3042 3142
9390 9391
6641 6741
392 393
4788 4888
3400 3500
4308 4309
8734 8834
5369 5469
560 561
8258 8259
8915 9015
4265 4266
5818 5819
3545 3645
7064 7065
82 182
1235 1236
2983 2984
8434 8435
9005 9105
4925 4926
8628 8629
9373 9473
2859 2959
3112 3212
8653 8753
9009 9109
6324 6325
6368 6369
4722 4822
1122 1123
6809 6909
1975 2075
1744 1745
8978 9078
2920 3020
3835 3836
1929 2029
4517 4617
961 1061
4157 4158
2914 3014
6452 6552
5954 6054
5733 5734
5933 5934
3328 3329
9649 9650
7748 7848
601 602
4519 4619
7729 7730
1464 1465
2089 2090
9736 9836
1280 1281
9955 9956
2042 2043
4244 4344
7934 7935
3746 3846
770 870
7668 7669
1690 1790
6071 6072
3906 3907
3652 3752
8523 8524
26 27
4491 4591
6672 6673
5932 5933
7015 7016
4765 4865
8408 8508
8234 8235
2658 2659
5131 5231
320 321
6304 6404
5517 5518
654 754
9660 9661
6734 6735
1477 1478
6230 6231
7108 7208
8436 8437
6707 6708
1500 1600
4266 4267
4077 4177
8073 8074
5564 5664
9667 9767
6168 6169
1876 1877
8024 8124
3679 3779
9213 9313
2281 2381
404 504
6238 6338
709 710
5466 5467
3675 3775
1810 1811
6338 6339
1573 1673
6045 6046
1018 1118
2877 2977
8543 8544
8478 8479
8806 8906
5333 5433
4516 4616
8390 8490
737 837
9725 9825
928 1028
3371 3372
3648 3649
6095 6195
9864 9964
170 270
6666 6766
6796 6797
2031 2032
4678 4778
7543 7643
8165 8166
1774 1775
1613 1614
1032 1033
6418 6518
6291 6292
3300 3400
2698 2798
2133 2233
716 717
9342 9442
8575 8675
9015 9115
9370 9470
2312 2412
4176 4276
6839 6840
452 453
2486 2586
8299 8399
2499 2599
553 554
2509 2609
408 508
9139 9140
4389 4489
1668 1768
1840 1841
5554 5555
3311 3312
9276 9376
2086 2087
6028 6029
6044 6045
998 999
6867 6967
4267 4268
6545 6546
3412 3512
1174 1175
99 199
2184 2284
741 742
7933 8033
2082 2083
1889 1989
5057 5058
1332 1432
6674 6774
5315 5316
1057 1157
8335 8336
3788 3789
1046 1146
8536 8537
7840 7940
4520 4620
8816 8916
2351 2451
1940 2040
7957 7958
5394 5494
500 600
8031 8032
2724 2725
8396 8397
6551 6552
3820 3920
2653 2753
1118 1119
7256 7356
8587 8687
5266 5366
503 603
4709 4809
818 918
2000 2100
337 338
5633 5733
2926 3026
2625 2725
4347 4447
7017 7117
5168 5268
1653 1654
6905 6906
1639 1640
1017 1018
296 297
8662 8663
5936 6036
5998 5999
8342 8343
4549 4649
7690 7691
8919 8920
5546 5547
7463 7563
5585 5586
8571 8671
2166 2167
4922 5022
4413 4414
3893 3894
682 683
821 822
5549 5649
921 922
6540 6541
9879 9979
209 210
7509 7510
4658 4758
4834 4835
1524 1624
872 873
8202 8302
3083 3183
3839 3939
2112 2113
4926 4927
3676 3776
9008 9009
755 855
8163 8263
3357 3358
7905 7906
5861 5862
8316 8416
2274 2275
330 331
9790 9890
9158 9258
1894 1895
404 405
5802 5803
7714 7814
4552 4553
6017 6117
602 702
3631 3731
2577 2677
1987 1988
5143 5144
4568 4668
3709 3710
3640 3641
6991 7091
6198 6298
282 283
1159 1259
1835 1935
5102 5103
8498 8499
9297 9397
7749 7849
1119 1120
5646 5647
4236 4237
1318 1319
6351 6352
9876 9877
7436 7437
8195 8295
4672 4673
4271 4272
2725 2726
4229 4329
1546 1547
1432 1532
5715 5716
9259 9359
2283 2383
1447 1547
5720 5820
9050 9150
3364 3464
3284 3384
8636 8637
5991 6091
960 1060
8747 8748
8385 8485
112 212
5667 5668
4953 5053
8161 8261
9367 9368
6693 6694
1783 1784
4158 4258
3493 3593
9518 9519
9601 9701
5886 5887
8416 8417
8586 8686
9592 9593
5311 5312
4894 4994
2715 2815
6001 6101
9144 9145
5986 5987
72 172
3183 3184
6396 6397
5931 6031
9990 9991
7284 7384
8724 8725
7530 7630
3433 3434
7114 7214
522 622
5150 5250
5149 5150
1377 1477
3945 4045
3156 3157
2510 2511
2025 2026
3497 3597
9571 9671
7558 7658
9031 9131
297 397
238 239
3139 3140
4799 4899
8549 8649
2595 2596
2525 2526
1795 1796
5486 5487
4671 4771
3038 3039
2509 2510
2498 2499
749 750
5533 5534
7763 7863
8795 8895
4204 4304
5466 5566
1202 1203
1616 1617
8888 8988
4191 4192
9023 9123
8362 8462
9542 9543
9054 9154
3174 3175
9451 9452
8626 8726
4416 4516
9405 9406
9020 9021
306 307
4751 4851
7951 7952
2576 2577
9563 9564
6455 6456
7833 7933
3865 3965
2039 2139
7107 7207
4928 5028
8139 8140
5101 5201
1646 1647
8774 8775
3677 3678
127 227
4296 4297
6177 6178
973 974
9092 9093
1482 1582
3048 3148
8708 8709
9007 9107
8105 8106
4945 4946
9825 9826
1328 1428
8191 8192
1725 1825
49 149
65 165
3549 3550
1003 1004
1534 1535
7588 7589
884 984
3586 3686
7943 8043
3155 3255
3287 3288
5413 5414
932 1032
789 889
4833 4933
5270 5370
8053 8054
8423 8424
245 246
834 835
491 492
4468 4568
2299 2300
6892 6992
3288 3388
7197 7297
338 438
2414 2514
8344 8444
7272 7273
4607 4707
1398 1399
337 437
2912 3012
9435 9436
4726 4727
2694 2695
7685 7785
3958 4058
1515 1516
8584 8684
2384 2385
7844 7944
4758 4759
7706 7707
1079 1179
9118 9218
7299 7399
2161 2261
6570 6670
4585 4586
1556 1557
3237 3337
9255 9355
7660 7760
6479 6480
5748 5848
8613 8713
536 537
3797 3798
8468 8568
6162 6163
6982 7082
2260 2360
5713 5813
433 434
9147 9247
9146 9246
693 793
1358 1458
5321 5421
4233 4333
9478 9479
7806 7906
1323 1423
4237 4337
9049 9050
4734 4834
734 834
9277 9377
5307 5308
1105 1106
2280 2281
8052 8152
1217 1317
9356 9456
2354 2355
7480 7481
5586 5686
9605 9606
2566 2666
4247 4248
1256 1257
8602 8603
6314 6315
8990 8991
8956 8957
8487 8488
9918 9919
6346 6347
1437 1537
3633 3634
1380 1381
548 648
646 647
8776 8777
2501 2502
7230 7231
9745 9746
2716 2717
611 612
2780 2781
543 643
1830 1831
4168 4268
9541 9542
5033 5034
4203 4204
153 253
871 872
4460 4461
1726 1826
1965 2065
9421 9521
875 975
3466 3566
1856 1956
2424 2425
8721 8821
2783 2784
9787 9887
4555 4655
2955 3055
9260 9360
9399 9400
5732 5832
4897 4898
8781 8881
4813 4814
1284 1384
8920 8921
7766 7767
1107 1108
6533 6534
3714 3814
2116 2216
3244 3245
9137 9138
2537 2637
6891 6991
8111 8112
2464 2564
946 947
5083 5183
5438 5439
3538 3539
1622 1722
8344 8345
8081 8181
237 238
5794 5795
6896 6996
7773 7774
5051 5052
5531 5532
3080 3180
3277 3278
2142 2143
9203 9204
9822 9823
5149 5249
7703 7803
4831 4832
9621 9721
212 312
9369 9469
6324 6424
8521 8621
9412 9512
3243 3343
827 927
6610 6710
3319 3320
4912 5012
3889 3890
1212 1312
4704 4705
3977 3978
9396 9496
9982 9983
6022 6122
5775 5875
5851 5852
90 91
7094 7194
5099 5199
6798 6898
7982 7983
6268 6368
2460 2560
4523 4524
558 559
3182 3282
4754 4755
6351 6451
4844 4944
898 899
6919 6920
8756 8757
2731 2831
3464 3564
6586 6686
1920 2020
6721 6722
7611 7612
609 709
5240 5241
7387 7388
5465 5565
9727 9728
2346 2347
1234 1235
6889 6989
5146 5246
3673 3773
2260 2261
5309 5409
8421 8521
46 47
9213 9214
5165 5265
2377 2378
3267 3268
7324 7325
1242 1243
6719 6720
8133 8233
7648 7649
216 217
3452 3552
5292 5293
8753 8853
6634 6734
3718 3719
9920 9921
786 886
3439 3539
9751 9752
1450 1550
8342 8442
5701 5702
3127 3128
3231 3232
7580 7680
2228 2328
8822 8823
441 442
8087 8187
2709 2809
6031 6032
2052 2152
3913 3914
2468 2568
435 436
1779 1879
879 880
7963 8063
6174 6175
279 280
3252 3352
6918 7018
100 200
7103 7203
3894 3994
4683 4783
4916 4917
7708 7808
8474 8574
126 127
9370 9371
6950 7050
8794 8894
4544 4644
6913 7013
7875 7975
6943 6944
1169 1269
6704 6705
4088 4089
2314 2414
951 1051
7207 7307
8194 8294
8559 8560
9994 9995
5082 5182
4557 4657
5008 5108
296 396
5638 5639
8619 8719
9017 9018
5829 5830
9338 9438
1662 1762
4280 4380
5943 5944
7132 7232
9145 9245
7486 7487
5822 5823
6686 6687
6483 6583
5386 5387
1520 1620
8936 9036
181 182
7705 7805
5263 5264
6419 6519
3136 3137
4489 4490
7163 7263
674 774
8596 8597
1921 2021
674 675
420 421
9904 9905
6828 6928
1043 1044
6952 7052
8886 8887
7184 7185
7826 7926
386 387
5124 5125
4842 4843
4885 4985
5208 5209
6651 6652
3032 3132
2061 2062
5135 5136
4091 4191
5384 5385
4558 4658
4936 5036
2686 2786
9886 9887
4592 4593
1815 1816
2568 2668
9895 9896
9111 9112
6950 6951
2985 2986
6272 6372
4858 4958
1408 1508
7201 7202
3982 3983
4024 4124
9575 9576
7344 7444
2796 2896
8429 8430
5345 5346
4774 4775
8212 8213
6525 6526
3047 3048
302 303
6457 6557
9871 9872
8966 8967
8319 8419
1537 1637
3897 3997
7601 7701
2296 2396
942 943
6014 6015
3311 3411
6979 6980
4116 4117
424 524
9647 9648
3713 3813
6964 7064
8524 8624
888 988
8293 8393
5361 5461
8539 8639
3969 4069
4673 4674
6087 6088
5973 5974
4852 4853
6632 6732
4921 4922
169 269
8452 8453
4817 4917
4317 4417
6744 6844
4581 4582
4019 4020
1315 1415
8925 9025
7426 7526
2831 2832
4665 4666
1818 1819
5977 6077
5323 5423
4826 4926
7458 7558
4095 4195
3535 3536
6934 7034
7024 7124
4995 5095
4846 4847
2171 2271
1362 1363
7039 7139
4575 4675
5313 5413
4285 4385
4754 4854
8466 8566
3158 3258
7681 7682
9680 9780
1944 1945
8147 8247
298 398
275 276
4205 4305
1891 1991
4396 4397
7504 7505
2010 2011
4474 4574
4713 4714
2746 2747
8067 8068
6884 6984
4720 4721
7253 7254
3895 3995
4745 4845
8492 8592
750 850
4020 4120
3751 3752
9344 9444
5104 5105
1802 1803
6067 6167
4 5
194 294
7198 7298
3041 3141
6644 6645
2231 2232
9497 9597
1705 1805
9064 9065
127 128
4481 4581
1155 1255
2596 2696
7989 8089
610 611
7895 7896
3674 3675
384 385
9821 9822
9046 9146
4538 4638
1062 1063
8907 8908
4339 4340
6636 6736
6530 6531
8086 8186
3853 3854
997 1097
7579 7580
9809 9909
3008 3108
7683 7684
1156 1157
29 129
268 368
112 113
8955 8956
3706 3707
3682 3683
4963 5063
6297 6298
5510 5610
5677 5777
4391 4392
808 908
4243 4244
9578 9579
8390 8391
1829 1830
9796 9896
463 563
2730 2830
2426 2526
5012 5112
2888 2988
5502 5503
1676 1677
905 906
8801 8802
10 11
6062 6162
4201 4301
3963 4063
3754 3755
3204 3304
9308 9408
3429 3430
6212 6213
83 183
8266 8366
1667 1668
1708 1808
5668 5768
1702 1703
268 269
3790 3791
6159 6160
567 568
1754 1854
2598 2698
4768 4769
4192 4193
8591 8691
1674 1774
4552 4652
2460 2461
2978 3078
360 361
6145 6245
9358 9458
3578 3579
7028 7128
6340 6440
9852 9952
5627 5727
974 975
5866 5966
5117 5118
6880 6881
6793 6794
2200 2300
5035 5036
6620 6621
3930 3931
1890 1891
4315 4316
3274 3374
2152 2153
9870 9970
549 550
2088 2188
2271 2272
86 87
333 433
1486 1487
9198 9298
276 376
9774 9874
1366 1367
8286 8287
9347 9348
4615 4616
4412 4512
5832 5932
1137 1237
7481 7581
7124 7125
4285 4286
5010 5011
2999 3099
3591 3691
5828 5829
5242 5243
717 817
694 695
5793 5893
365 465
8272 8372
5776 5777
2436 2536
4773 4774
3219 3319
3316 3317
7454 7455
5823 5824
462 562
3914 3915
3636 3736
385 386
609 610
9240 9241
4462 4562
335 336
4566 4567
4197 4198
2763 2863
3415 3416
8064 8164
6141 6142
3594 3694
8406 8506
5528 5529
4367 4368
7351 7451
6996 7096
1410 1510
465 466
644 744
8938 8939
14 114
2380 2480
2006 2007
5126 5127
6060 6061
1458 1459
2806 2906
9314 9315
7113 7213
7875 7876
1658 1659
7287 7288
7738 7739
2289 2290
6011 6111
4688 4788
5247 5347
7899 7999
3345 3346
9394 9395
9499 9599
7961 8061
4899 4900
3949 4049
5644 5645
1004 1104
6453 6454
1520 1521
2751 2851
5163 5164
1988 2088
1506 1507
8389 8390
6801 6901
2015 2115
8750 8751
9134 9135
1347 1348
8274 8374
5724 5824
201 301
1020 1120
4620 4621
5294 5394
7666 7667
9671 9771
7476 7477
4120 4121
3812 3912
267 268
9786 9787
6820 6920
745 746
8118 8119
4432 4433
5327 5328
305 306
6831 6931
81 181
2551 2651
347 447
5769 5869
5170 5171
8739 8839
7953 8053
4324 4424
6783 6883
1853 1953
1763 1863
4924 5024
827 828
7720 7820
613 713
4839 4840
2516 2616
7471 7571
1231 1331
2262 2362
7404 7405
3195 3295
6912 7012
2290 2291
1683 1684
7117 7118
7883 7983
1176 1177
3211 3212
6031 6131
2998 3098
3444 3445
5473 5474
7167 7267
3012 3112
3817 3818
2419 2420
8754 8755
4878 4879
2758 2759
2797 2897
3262 3263
206 207
9589 9590
6159 6259
4747 4847
1909 2009
3904 4004
7651 7652
36 37
9268 9269
1599 1699
8983 8984
8448 8548
5445 5545
7794 7795
9003 9103
5277 5377
9420 9520
5340 5341
5563 5663
115 215
1413 1513
2899 2900
6822 6823
9734 9834
842 942
1162 1163
1086 1186
5637 5638
9538 9539
3738 3838
3095 3096
7061 7062
4830 4831
8360 8460
478 479
5964 6064
8204 8205
2651 2652
2244 2245
4228 4229
184 284
8207 8208
4690 4691
6847 6947
8748 8848
5170 5270
4536 4537
8519 8520
4106 4206
7415 7515
121 122
6323 6324
6509 6609
907 1007
4390 4391
6554 6555
385 485
4567 4568
8832 8833
5854 5855
7939 8039
2494 2594
2721 2821
9302 9402
423 523
8205 8206
9782 9882
9669 9769
8094 8194
8881 8882
6279 6379
9596 9597
7754 7854
6763 6764
5413 5513
4883 4983
9635 9735
8355 8356
7563 7663
1348 1349
3954 3955
9279 9379
596 696
5204 5205
3731 3831
442 542
3428 3429
5487 5587
7888 7889
7696 7697
5774 5874
9838 9938
7961 7962
5756 5856
3542 3543
2270 2271
5565 5566
6808 6908
8086 8087
4456 4457
5563 5564
7584 7684
7385 7386
1586 1587
2175 2176
1492 1493
8752 8852
4078 4079
9361 9362
4356 4357
2511 2611
6216 6217
2374 2375
8559 8659
4196 4296
6526 6527
7227 7228
6655 6755
4159 4160
1310 1311
6545 6645
5801 5901
4843 4844
4500 4600
271 272
9843 9844
5755 5756
5707 5807
8963 8964
1017 1117
8589 8590
1195 1295
376 377
662 663
629 729
394 494
6130 6131
5792 5793
3078 3178
2818 2918
5422 5522
2347 2447
9681 9781
9073 9074
8744 8745
9574 9674
9471 9472
5260 5360
8513 8613
5781 5782
5651 5751
3951 4051
7187 7188
8350 8351
6696 6697
406 407
3312 3313
6169 6170
4371 4372
3782 3783
9786 9886
3780 3781
445 545
735 736
2074 2075
7282 7283
7062 7063
2653 2654
8160 8260
8634 8635
5425 5426
1715 1716
4608 4708
5960 6060
5283 5284
7756 7856
7452 7453
4323 4423
5038 5138
8312 8412
2131 2231
651 751
8417 8517
8114 8214
5120 5121
8227 8327
9350 9450
5056 5057
3573 3673
8001 8002
3488 3489
1654 1655
526 626
2375 2376
4761 4762
9507 9508
4609 4610
485 486
6659 6759
599 699
4154 4155
7695 7795
4839 4939
8516 8517
1605 1705
1063 1064
1345 1346
9055 9056
9570 9571
6846 6946
4957 5057
9440 9540
3648 3748
4657 4658
4288 4289
4295 4296
6300 6400
2695 2795
5868 5968
6666 6667
628 728
7646 7647
5562 5563
6742 6743
9371 9372
7937 7938
5616 5716
3654 3655
9494 9495
3918 4018
3931 3932
8257 8357
1331 1431
8642 8643
224 225
8701 8702
3041 3042
2442 2443
3742 3743
8594 8694
3120 3121
7396 7397
7255 7256
1571 1572
477 577
6557 6657
5168 5169
1819 1919
1181 1182
1444 1544
3795 3796
1505 1506
4874 4974
1530 1531
2866 2966
2214 2215
1556 1656
918 919
2820 2821
6947 7047
1768 1769
9330 9430
6285 6385
211 311
3997 4097
2209 2309
6671 6672
9728 9729
4257 4357
4669 4670
8328 8329
1824 1825
6837 6838
9316 9317
9842 9843
3910 4010
1784 1884
8415 8515
3739 3839
5933 6033
5015 5016
5719 5819
9090 9091
4107 4108
9978 9979
193 194
7943 7944
7392 7492
6716 6816
6264 6364
6268 6269
1198 1199
4829 4929
8743 8744
4432 4532
6843 6844
6497 6498
1074 1174
7213 7313
3066 3166
7309 7310
6669 6769
9653 9753
8108 8109
5709 5809
7697 7797
7155 7156
1328 1329
8980 8981
7566 7666
798 898
748 848
4803 4804
8372 8472
7764 7864
4169 4269
1474 1574
4212 4312
812 912
1199 1299
6988 6989
5359 5459
676 677
5648 5649
4076 4077
5632 5633
4615 4715
257 258
1596 1597
1628 1629
8908 8909
9055 9155
8518 8618
2353 2354
6096 6196
7836 7837
1914 1915
9662 9762
7147 7247
8107 8108
496 497
709 809
4857 4858
2915 2916
749 849
2615 2715
5805 5806
3735 3736
9820 9920
6854 6855
7080 7180
7597 7697
1964 1965
7257 7258
9629 9729
1807 1907
7947 8047
2347 2348
2956 2957
915 1015
7331 7332
9963 9964
4915 4916
9636 9736
6969 6970
802 803
2745 2746
8120 8121
5334 5335
876 877
3014 3015
7985 7986
6851 6852
5594 5595
8702 8703
3076 3176
1061 1161
6836 6837
2188 2288
1161 1261
2898 2899
3371 3471
136 137
1243 1343
2445 2446
9694 9695
7535 7635
190 290
9996 9997
923 1023
2627 2628
2683 2684
7996 7997
2945 3045
5042 5043
3068 3168
7218 7219
8768 8769
8411 8511
2464 2465
6813 6913
2333 2433
6287 6387
2152 2252
6421 6422
843 943
1158 1258
8991 9091
1042 1142
5399 5400
4329 4429
5459 5460
3442 3542
4453 4454
4470 4570
599 600
7534 7634
6032 6033
4309 4310
1663 1763
3028 3029
1570 1571
3477 3478
7114 7115
109 209
996 997
2410 2411
3796 3896
2680 2780
6118 6218
4090 4091
7402 7502
7694 7695
790 890
3137 3237
2365 2366
5655 5656
3316 3416
5130 5131
1783 1883
627 628
7017 7018
7999 8099
9980 9981
792 793
5049 5050
921 1021
1852 1853
1120 1220
9894 9895
1737 1837
2969 3069
5257 5357
5881 5981
3173 3174
7870 7871
7869 7969
2288 2388
137 138
3293 3294
9179 9180
5232 5233
8429 8529
9006 9007
8836 8837
6099 6199
1319 1419
7204 7304
9663 9763
4279 4379
6538 6539
1408 1409
1327 1328
4050 4051
8943 8944
4634 4635
1013 1014
3159 3160
4051 4151
3350 3351
1963 1964
9628 9728
8162 8262
3755 3756
6333 6334
6218 6219
1762 1763
2194 2195
824 924
3851 3852
2101 2102
714 715
3924 3925
570 571
9709 9710
5539 5639
9922 9923
2519 2520
2973 3073
1589 1689
3560 3561
2682 2782
197 198
5122 5123
3440 3441
3774 3874
3395 3396
3448 3548
6466 6467
523 524
3020 3021
5522 5622
3613 3614
9781 9782
8784 8785
7666 7766
7654 7754
3221 3321
9503 9603
4887 4888
1899 1900
4008 4108
1443 1543
2342 2442
8409 8410
9664 9665
130 230
2812 2912
4958 4959
9199 9200
4622 4722
6647 6648
8473 8474
9312 9313
4720 4820
2663 2763
1543 1643
4471 4472
4527 4528
38 138
116 117
3102 3103
3740 3741
3854 3855
1942 2042
2518 2618
8435 8436
5966 6066
6172 6272
2337 2437
3136 3236
5631 5731
1713 1813
2736 2836
9726 9826
6917 7017
5610 5611
4316 4317
8552 8553
6947 6948
572 672
8102 8103
3644 3645
1791 1891
3419 3420
8538 8638
9483 9484
2563 2663
3049 3050
7352 7452
4394 4395
3612 3712
11 111
7365 7366
6002 6102
3532 3632
2416 2516
6644 6744
9602 9702
590 591
5349 5449
7976 7977
5674 5675
4661 4662
2103 2203
6154 6155
902 903
5666 5667
2325 2425
1671 1672
3644 3744
9166 9167
7280 7281
4870 4970
3597 3598
7424 7524
1815 1915
6960 6961
7470 7570
7264 7364
3053 3153
8040 8041
4023 4123
1044 1045
4035 4036
5937 5938
4699 4799
725 726
477 478
7047 7048
1931 1932
7795 7796
4149 4150
5229 5329
747 748
8771 8772
5094 5194
4794 4795
8406 8407
4613 4614
442 443
3306 3307
7954 8054
9841 9842
3159 3259
5335 5435
9074 9075
1573 1574
7019 7020
8107 8207
696 697
9619 9620
7069 7070
6990 7090
3476 3576
6058 6059
5856 5956
2998 2999
2838 2938
3059 3159
5728 5729
7596 7696
9070 9071
514 515
7297 7397
2801 2802
7663 7664
4420 4421
2739 2839
8336 8436
2378 2379
2035 2135
1127 1128
5648 5748
8490 8491
7252 7352
2681 2781
210 310
2342 2343
2453 2553
1651 1652
2905 2906
6374 6375
1469 1569
2811 2812
3981 4081
3394 3494
6240 6340
2903 3003
4886 4887
4637 4638
3753 3754
4643 4743
5446 5546
5368 5369
1168 1169
4605 4606
5285 5286
6703 6803
3242 3243
2528 2529
7446 7447
3599 3699
8785 8786
5983 6083
8877 8977
9166 9266
9326 9426
7339 7439
6410 6411
9731 9831
3869 3969
5483 5583
8122 8222
8130 8230
4343 4344
142 242
2373 2473
1608 1708
5291 5391
7223 7323
8970 8971
151 251
8412 8413
5028 5029
8036 8136
429 529
4144 4244
5501 5502
5731 5732
6432 6433
5538 5539
910 911
9729 9829
9136 9137
9169 9170
2607 2707
1972 1973
7650 7651
8183 8184
6319 6320
1525 1625
6520 6521
80 180
3808 3809
6832 6932
862 863
6387 6487
3706 3806
7104 7204
4735 4835
5142 5143
6820 6821
6547 6647
3605 3606
3338 3438
5801 5802
4364 4464
7744 7745
4097 4197
2117 2118
9569 9570
3519 3520
3973 4073
4290 4390
3902 3903
2315 2316
151 152
4272 4273
299 300
7496 7497
5013 5113
4119 4219
5675 5775
5399 5499
8242 8342
2708 2709
479 579
2819 2919
7997 8097
859 959
4946 5046
1725 1726
7128 7129
9577 9677
8793 8893
3680 3681
6763 6863
7505 7506
8881 8981
2008 2009
8309 8409
1407 1507
5894 5994
342 442
1504 1505
3641 3642
2387 2388
8831 8931
3665 3666
2100 2200
6166 6167
5953 6053
3982 4082
1624 1724
1052 1053
264 265
9027 9127
6037 6137
702 802
7902 7903
1220 1320
3793 3794
9570 9670
1308 1309
3705 3805
8337 8437
2988 2989
6230 6330
3892 3992
9117 9118
5114 5214
4146 4147
9770 9771
7596 7597
1359 1360
2240 2340
2671 2672
1016 1017
7052 7152
8269 8270
1451 1452
7257 7357
915 916
1545 1645
1388 1389
3458 3459
2202 2302
7412 7512
7511 7512
1946 1947
7698 7798
978 979
2920 2921
9001 9002
4014 4015
805 806
9001 9101
3534 3535
5992 5993
7733 7833
1230 1231
3110 3210
2201 2301
2932 2933
3385 3485
88 89
3421 3521
3231 3331
1098 1099
2881 2981
7831 7832
9968 9969
800 900
7497 7597
8375 8475
5955 5956
5595 5695
3167 3168
1847 1848
9631 9632
9566 9666
3016 3017
5896 5996
4643 4644
298 299
8394 8494
7982 8082
244 245
9634 9635
7526 7527
6926 6927
3540 3640
1526 1527
306 406
824 825
7881 7882
8098 8099
7628 7728
3887 3888
4427 4527
1638 1639
3360 3361
3703 3704
5764 5765
9958 9959
7892 7893
8055 8056
1535 1536
1944 2044
9964 9965
1392 1393
6094 6194
3622 3722
9959 9960
6434 6435
3332 3432
6064 6065
9176 9177
7389 7489
4644 4645
3701 3801
239 240
9132 9232
6456 6556
7882 7982
8039 8139
2681 2682
7210 7310
5940 5941
4917 4918
8687 8787
7056 7057
4464 4564
3902 4002
7759 7859
1631 1731
6229 6230
8226 8326
9510 9511
8196 8296
3992 3993
1067 1167
6973 7073
5019 5119
6076 6176
668 669
5456 5556
6413 6513
2792 2892
5912 5913
6083 6183
6373 6374
895 896
8726 8826
1565 1665
919 920
5934 5935
8986 9086
2534 2535
6299 6300
7072 7073
5001 5002
7601 7602
7959 8059
1078 1079
4314 4315
3228 3328
2126 2127
5439 5440
2305 2405
5757 5758
6274 6374
6916 7016
4506 4507
1531 1631
2940 3040
7416 7516
4253 4353
5512 5513
5392 5393
6926 7026
4730 4830
5697 5698
2643 2743
722 822
2428 2429
5834 5934
4835 4836
8526 8626
5397 5398
1886 1887
1249 1349
3875 3975
5494 5495
7652 7653
9378 9478
7859 7959
4424 4425
6877 6878
1661 1662
8600 8700
1572 1672
1903 1904
7158 7159
1405 1406
8971 8972
3863 3864
9413 9414
8919 9019
4490 4590
1635 1735
9658 9758
4898 4899
8674 8675
7866 7966
9441 9541
4845 4945
8499 8599
95 195
6399 6400
6118 6119
7707 7807
8138 8139
8311 8411
5519 5520
5536 5537
751 851
2098 2198
1431 1531
5656 5756
3197 3198
643 644
728 828
6307 6407
2706 2707
6740 6840
262 362
6544 6644
9556 9557
8497 8597
1874 1974
410 411
5493 5494
8380 8480
6072 6073
7229 7329
7797 7897
8820 8821
8503 8504
6714 6814
7023 7123
7228 7328
1081 1181
7380 7480
4271 4371
4327 4328
3964 3965
1185 1285
466 566
117 217
4780 4781
9119 9219
6206 6306
2518 2519
2067 2068
3970 3971
4207 4307
5378 5478
3842 3843
4539 4540
6804 6805
6765 6865
5478 5479
6247 6347
8388 8389
4009 4010
5013 5014
8738 8739
7998 8098
3615 3616
9795 9895
2889 2989
1916 2016
1847 1947
5616 5617
1582 1583
5353 5354
7489 7589
7872 7873
4740 4840
7075 7076
531 631
8660 8661
7157 7257
1169 1170
2241 2242
6546 6646
9426 9526
771 871
7416 7417
5432 5433
761 861
5254 5354
1698 1798
7855 7856
8830 8831
7222 7223
2747 2748
3147 3148
7108 7109
2267 2268
6152 6252
2768 2769
6736 6836
7970 7971
9053 9054
4017 4018
7776 7876
1235 1335
54 154
4992 4993
331 431
5983 5984
8760 8761
1057 1058
610 710
2726 2727
5077 5177
4003 4004
7683 7783
2884 2885
9965 9966
7360 7361
7977 8077
9548 9549
7523 7623
4918 5018
6157 6257
4219 4220
5065 5066
7771 7871
1359 1459
2471 2571
4193 4194
69 169
7779 7879
5773 5774
7301 7302
7422 7423
912 913
6863 6963
2491 2492
4808 4908
4561 4562
1954 2054
5779 5879
5113 5114
5289 5290
4044 4045
6697 6698
1124 1224
1692 1693
1740 1741
6116 6216
428 429
1252 1253
3123 3223
5790 5890
3098 3198
1995 2095
4753 4754
9940 9941
1065 1066
9854 9855
823 824
4028 4029
7347 7447
6465 6466
7008 7108
3813 3814
2250 2251
3666 3667
1147 1247
8485 8486
8730 8830
2276 2277
6188 6189
1418 1419
1352 1452
2991 2992
7032 7132
275 375
1326 1327
336 436
9845 9945
6558 6658
7421 7422
5831 5832
8073 8173
6470 6570
958 1058
9079 9080
4982 4983
5270 5271
6799 6800
9009 9010
7230 7330
6921 6922
5338 5339
4098 4198
2986 2987
2138 2238
5955 6055
2205 2305
7828 7928
9894 9994
3358 3458
6871 6971
7675 7676
1821 1822
1090 1190
1338 1438
8611 8612
1102 1103
3521 3621
5539 5540
3490 3590
7765 7766
7799 7800
5656 5657
3494 3495
4127 4227
8610 8611
988 989
9424 9425
4920 5020
4222 4223
1413 1414
6092 6093
4617 4618
1409 1509
690 790
7340 7341
8173 8174
2707 2708
1431 1432
1128 1228
8905 9005
2004 2104
503 504
7308 7309
1846 1946
7538 7539
326 426
2568 2569
7829 7830
3688 3788
7098 7198
459 460
2029 2129
1650 1651
7447 7547
7045 7046
9322 9422
5775 5776
8457 8557
735 835
1977 2077
8486 8487
3217 3317
5714 5814
9209 9210
7550 7650
1966 1967
8607 8608
1743 1744
4480 4580
8844 8845
363 364
3876 3877
6330 6331
9492 9592
747 847
3767 3867
5184 5185
6618 6718
5804 5805
2807 2907
6209 6210
2187 2188
5841 5941
7270 7370
8615 8715
9425 9525
8502 8602
8060 8061
4378 4379
9489 9589
1065 1165
8678 8679
9893 9894
4850 4950
3082 3182
6391 6392
3584 3585
873 874
7779 7780
8097 8197
309 310
2807 2808
803 804
3260 3261
2684 2685
4866 4966
9644 9645
5810 5811
3249 3349
6424 6524
3066 3067
3766 3866
1822 1823
2156 2157
3404 3405
9080 9180
2221 2321
5220 5221
1787 1788
2041 2042
2822 2823
7169 7269
9422 9522
5467 5468
6461 6561
5389 5390
4362 4462
1038 1039
4185 4186
5406 5506
1816 1916
3036 3037
1276 1277
7783 7883
4666 4667
8375 8376
2967 2968
9466 9566
8513 8514
957 1057
6413 6414
5902 5903
5758 5858
5223 5224
3809 3810
8177 8178
2233 2234
5451 5551
3584 3684
4277 4377
8302 8303
6841 6941
8694 8794
3011 3012
4110 4111
3397 3398
8849 8850
1039 1040
5923 6023
5176 5177
9153 9253
2909 2910
5049 5149
9161 9162
4098 4099
3118 3119
5814 5914
2525 2625
433 533
9225 9226
8402 8403
3624 3724
1697 1797
8533 8534
7178 7179
8119 8120
7657 7757
8184 8185
7584 7585
528 529
7898 7899
8374 8375
3063 3064
9172 9173
4668 4768
1225 1226
920 1020
6966 6967
7862 7962
6160 6161
5997 5998
2846 2847
3365 3366
6306 6307
6235 6236
840 940
4800 4900
1222 1322
348 448
5816 5817
3360 3460
5784 5884
2674 2774
7946 8046
7778 7878
9885 9985
7058 7059
4262 4263
875 876
5643 5644
5551 5651
3933 4033
9113 9114
4210 4310
7608 7609
209 309
5080 5081
233 234
7425 7426
1854 1954
5623 5624
4235 4236
1728 1729
687 787
7263 7264
2623 2624
628 629
3535 3635
8659 8759
1475 1476
9062 9162
1867 1967
8715 8815
6079 6179
3241 3242
8544 8644
8263 8264
8697 8797
2994 2995
1811 1812
3694 3794
9527 9627
6369 6370
8022 8122
5765 5865
565 566
1908 1909
4537 4637
538 638
9342 9343
1657 1658
3556 3557
8437 8537
7723 7823
7311 7411
5018 5019
3339 3439
7792 7892
8722 8822
9440 9441
4909 5009
1831 1832
2134 2135
5737 5837
1093 1094
6638 6639
9234 9334
8578 8678
7788 7888
5014 5114
7690 7790
2523 2524
9275 9375
1892 1893
1686 1786
5868 5869
8010 8011
396 496
3472 3572
5604 5704
612 613
2341 2342
9075 9175
6702 6802
5111 5112
5072 5073
126 226
7582 7682
6625 6725
2762 2862
6972 6973
7518 7618
2661 2761
1996 1997
8952 8953
6823 6824
8902 8903
8451 8452
2097 2197
3322 3422
7531 7631
9659 9660
8967 8968
6850 6851
3806 3807
571 572
5014 5015
7741 7841
5174 5175
8491 8492
6202 6302
9078 9079
9117 9217
8 108
810 910
6125 6126
9666 9766
9805 9806
4059 4060
6683 6684
6311 6411
8911 8912
6679 6779
6595 6695
9552 9553
6689 6789
1163 1164
8180 8181
5158 5159
2336 2436
1488 1489
1012 1013
6216 6316
7760 7761
3653 3654
2961 2962
1989 2089
9425 9426
2685 2785
6685 6785
5065 5165
4971 5071
5452 5552
9655 9755
1321 1322
5676 5677
6098 6198
6840 6841
9163 9263
1425 1426
6722 6723
8745 8746
3021 3121
9740 9840
5653 5654
4379 4479
4741 4742
2817 2917
4638 4639
9321 9322
388 389
9699 9700
8217 8317
4911 5011
3639 3739
1040 1041
7200 7300
4706 4806
9077 9177
3074 3075
5203 5303
1385 1485
2290 2390
3846 3946
6785 6885
6887 6987
4536 4636
6043 6143
4034 4035
5826 5926
4518 4618
6936 7036
3259 3359
9974 9975
4682 4782
4658 4659
860 960
2017 2117
4033 4133
9987 9988
9247 9248
1497 1498
9648 9649
4494 4594
3186 3187
3870 3970
5187 5188
9501 9502
9069 9169
3898 3998
2514 2515
1646 1746
880 980
1082 1083
9464 9564
6198 6199
3134 3234
6728 6828
2492 2493
5121 5122
1476 1477
2962 3062
8173 8273
8689 8690
2885 2886
5171 5172
228 328
1206 1306
7928 7929
4673 4773
8728 8729
6106 6107
19 20
5740 5840
6621 6721
5625 5725
8749 8750
6247 6248
1423 1523
9189 9289
3681 3682
8798 8898
3510 3610
6052 6152
8650 8750
6291 6391
5439 5539
7011 7111
1526 1626
4299 4300
6460 6560
6110 6111
3980 3981
8725 8726
6057 6058
7603 7604
6074 6075
9921 9922
4760 4761
677 678
4743 4744
9349 9350
7724 7824
516 517
2397 2497
656 756
4698 4699
4027 4028
3250 3251
6077 6177
8567 8568
2839 2840
2922 3022
885 985
8733 8833
4518 4519
2505 2506
1669 1769
4583 4683
5276 5277
321 421
1399 1499
2826 2926
4904 4905
7209 7210
9196 9197
1312 1313
449 549
7479 7579
9023 9024
5984 6084
2558 2658
258 259
9428 9429
8211 8212
5690 5790
9661 9761
7926 8026
4509 4609
8869 8969
5296 5297
4365 4465
3516 3517
5249 5349
6426 6427
7288 7388
4162 4262
3175 3275
6761 6861
2798 2799
2441 2541
5943 6043
2862 2863
4624 4724
4901 5001
7867 7868
6690 6691
1346 1347
2814 2815
4752 4852
8235 8236
1008 1108
8371 8471
3397 3497
1116 1216
8302 8402
494 495
2373 2374
206 306
977 1077
5845 5846
8652 8653
438 538
2805 2905
7265 7365
822 922
9687 9688
1983 2083
7669 7670
1645 1646
2078 2178
3859 3860
6248 6249
943 1043
7386 7486
4742 4743
3710 3810
658 758
8128 8129
8179 8279
2168 2268
2170 2270
2584 2684
135 235
1222 1223
9457 9557
9200 9300
8880 8881
7014 7015
6442 6542
3485 3585
3659 3759
8844 8944
3965 4065
8318 8418
2222 2223
4882 4883
1422 1522
8165 8265
3601 3701
5562 5662
8080 8081
8369 8469
8295 8395
6869 6870
3438 3538
4311 4312
2361 2461
3212 3312
2167 2267
8852 8853
6890 6891
9308 9309
1997 1998
5897 5898
9749 9750
309 409
2880 2881
2226 2227
7475 7575
39 40
17 117
9668 9669
2298 2299
7444 7445
1414 1415
1936 2036
7919 7920
1165 1166
3048 3049
9512 9612
7419 7519
2124 2125
3377 3378
6267 6268
4050 4150
9695 9696
2705 2706
9109 9209
6226 6227
3219 3220
8582 8682
2526 2626
4301 4302
8465 8466
6822 6922
2953 3053
138 238
3868 3869
6671 6771
6516 6616
13 14
8841 8941
5412 5512
4596 4597
351 352
6495 6595
9313 9413
5480 5481
6264 6265
4057 4058
2082 2182
6887 6888
8995 8996
2602 2702
6337 6437
5003 5103
7499 7599
322 422
6214 6314
8731 8831
3798 3898
1611 1612
1411 1412
5944 6044
9310 9311
4906 5006
9971 9972
638 738
5091 5092
8399 8400
9246 9247
1723 1823
1211 1212
1544 1545
2361 2362
3680 3780
7490 7590
9286 9287
886 986
8603 8703
6257 6258
4587 4588
2562 2662
8347 8447
2262 2263
7495 7595
6911 7011
6033 6034
5063 5064
2993 2994
499 500
1911 2011
7271 7371
8203 8204
2022 2023
2180 2181
695 696
4987 4988
4717 4817
6194 6294
5969 5970
3148 3248
3097 3197
319 419
432 532
9827 9828
5986 6086
7081 7082
2513 2613
2298 2398
7721 7722
9530 9630
5164 5165
5328 5428
3065 3165
165 166
5887 5888
5280 5281
4260 4261
3578 3678
1671 1771
1446 1447
9870 9871
8717 8718
7567 7667
8077 8177
8365 8366
9532 9533
2942 3042
1015 1115
4847 4947
5865 5965
9294 9295
577 578
8812 8912
5535 5536
9364 9365
554 654
7051 7151
8573 8574
3602 3702
3669 3670
9952 9953
1019 1020
9647 9747
6917 6918
5123 5124
489 589
5630 5631
3052 3152
284 384
3002 3102
2578 2579
6933 6934
4953 4954
1192 1193
7981 7982
7415 7416
3555 3556
4041 4141
4601 4701
9126 9127
564 664
8357 8457
2783 2883
4066 4166
1054 1154
5905 6005
6542 6543
2059 2060
1748 1848
1462 1562
2035 2036
8241 8242
3409 3509
5079 5080
5023 5024
9858 9958
9809 9810
9466 9467
6778 6878
1286 1386
6749 6849
724 824
4466 4467
9479 9579
3176 3276
2094 2095
6734 6834
9531 9532
2838 2839
1156 1256
2657 2757
9030 9031
5960 5961
8219 8319
2506 2606
8431 8432
6369 6469
5156 5256
6615 6616
7859 7860
8865 8866
8447 8448
766 866
7189 7190
6191 6291
5224 5225
8529 8530
6695 6795
9114 9115
4880 4881
3956 4056
2409 2509
3940 3941
2018 2019
9195 9196
2797 2798
2964 3064
6006 6106
3474 3475
7341 7441
2745 2845
4836 4837
8505 8506
1260 1261
4472 4572
1321 1421
1865 1965
9948 9949
2192 2292
5404 5504
2811 2911
5034 5134
6117 6217
8999 9000
1385 1386
2738 2739
6509 6510
82 83
8461 8462
6122 6123
4563 4564
9807 9808
1914 2014
9244 9245
7082 7083
7852 7853
8591 8592
5248 5348
9416 9516
6425 6525
8380 8381
288 289
3514 3515
2628 2728
7139 7239
5381 5481
9776 9876
4227 4327
7922 8022
1244 1344
8516 8616
6192 6292
109 110
5536 5636
9599 9600
5587 5687
8345 8445
5499 5500
6532 6533
7636 7736
8281 8381
1421 1521
3263 3363
3582 3583
9584 9585
4304 4404
2761 2861
2836 2837
1138 1238
4092 4192
3019 3119
1824 1924
1734 1834
5487 5488
5507 5508
8003 8004
139 140
998 1098
7492 7592
5941 5942
3018 3118
5324 5325
950 951
8479 8480
8897 8898
4571 4572
3390 3391
2386 2387
8482 8582
119 120
2479 2480
9042 9142
2354 2454
7692 7792
8330 8430
2655 2755
6679 6680
1109 1110
1190 1191
1491 1492
3175 3176
8044 8045
4374 4474
9491 9492
5469 5470
8229 8329
2375 2475
8033 8133
7206 7306
8873 8973
382 482
2656 2756
7420 7520
7493 7593
3151 3251
3726 3727
9135 9136
1924 1925
8638 8639
9244 9344
7436 7536
8320 8420
3547 3548
9416 9417
1239 1339
5138 5238
6088 6188
9329 9330
3255 3355
8858 8958
7343 7443
1539 1639
6004 6005
2930 2931
3340 3440
977 978
9896 9996
992 1092
9872 9972
217 218
6176 6177
2203 2303
3295 3395
5599 5600
5877 5977
7467 7567
5046 5047
1420 1520
447 448
5872 5873
9792 9892
4569 4570
1270 1271
2343 2443
1455 1555
269 369
7432 7433
2626 2627
4954 4955
9818 9918
2673 2674
3827 3927
2072 2172
642 643
2877 2878
5318 5418
530 630
9752 9852
6681 6682
1963 2063
8418 8518
5913 6013
4807 4808
251 351
6441 6442
5771 5772
4808 4809
6705 6805
3657 3658
2106 2206
3314 3414
6362 6462
2182 2282
2886 2986
2275 2375
4657 4757
7985 8085
4214 4314
1589 1590
2571 2572
4738 4838
6922 6923
1752 1852
9899 9900
8768 8868
5165 5166
3643 3743
2802 2803
2036 2136
3107 3108
4638 4738
8562 8662
2630 2730
2852 2853
4117 4118
5463 5563
6694 6695
2306 2307
4519 4520
7945 7946
256 356
7014 7114
6452 6453
9449 9450
5876 5877
1917 1918
5129 5130
8680 8681
678 778
45 145
7851 7951
8454 8554
6448 6548
5066 5067
555 655
4373 4473
8683 8783
708 808
6933 7033
7478 7479
299 399
1688 1689
7935 8035
4799 4800
5894 5895
2053 2153
1309 1310
3284 3285
8642 8742
7736 7737
5142 5242
8296 8396
5830 5831
7785 7786
9241 9341
1242 1342
7819 7820
5798 5799
3655 3755
806 807
3628 3728
400 500
1347 1447
2501 2601
9518 9618
764 765
1155 1156
3883 3884
7437 7438
2862 2962
2 102
3698 3699
6792 6793
5252 5352
4670 4671
8443 8543
8826 8827
7938 8038
9315 9316
9462 9562
4692 4792
2954 3054
4019 4119
5843 5943
2822 2922
5304 5305
8141 8142
1827 1927
6954 6955
8386 8387
6129 6229
323 423
7123 7223
5248 5249
7122 7222
470 471
3835 3935
9047 9147
6167 6168
1096 1097
7409 7509
125 126
4513 4514
5687 5787
1205 1305
5354 5454
3062 3162
9178 9278
2139 2140
5885 5985
3347 3348
2874 2875
1182 1282
6862 6962
7343 7344
7891 7892
4238 4239
3338 3339
9171 9271
7890 7990
4528 4529
6964 6965
3934 3935
9876 9976
4025 4125
4414 4415
6236 6336
5091 5191
597 697
1748 1749
9494 9594
6628 6728
6871 6872
8796 8896
8931 8932
8537 8637
2960 3060
4733 4833
3460 3560
8867 8868
6615 6715
7158 7258
8091 8191
3294 3394
7097 7197
5235 5335
8099 8100
8083 8183
9674 9675
7038 7039
2971 3071
6652 6752
1442 1443
6259 6260
1108 1208
3111 3112
6430 6530
5746 5747
4582 4583
1342 1343
1924 2024
498 598
3337 3338
9398 9399
3310 3410
4399 4400
6878 6978
2296 2297
1960 1961
3215 3315
7993 7994
388 488
6920 7020
7305 7306
6001 6002
2503 2603
2297 2397
5975 5976
1673 1773
6404 6405
3529 3629
4292 4392
7180 7280
4724 4725
413 414
2481 2482
9913 9914
2090 2190
6948 7048
3438 3439
6604 6704
5140 5141
8945 9045
6765 6766
776 777
3733 3833
7051 7052
9356 9357
6652 6653
3463 3464
1429 1430
9720 9820
2083 2084
5195 5196
3529 3530
5776 5876
3840 3841
8176 8276
4248 4348
7940 8040
6078 6178
2919 3019
2604 2704
9083 9084
6832 6833
8423 8523
9715 9815
2720 2721
6488 6489
5582 5682
7849 7949
1790 1890
6754 6854
9523 9623
9374 9474
178 278
8206 8306
348 349
7996 8096
2562 2563
9084 9085
467 468
9729 9730
8278 8378
3971 3972
7280 7380
8012 8013
6292 6392
8673 8773
154 155
5221 5222
9411 9511
2349 2449
1594 1694
550 650
5152 5153
1842 1843
1253 1353
5243 5244
1271 1272
8797 8798
1521 1621
1950 1951
3523 3524
4820 4920
890 891
9825 9925
1767 1768
3572 3573
1227 1228
9285 9286
7141 7241
8947 8948
2032 2033
7093 7094
5403 5503
7194 7294
7276 7376
4966 5066
5962 6062
9840 9841
1411 1511
9419 9519
5763 5764
5064 5164
7468 7568
1718 1719
8322 8323
2910 3010
4924 4925
2792 2793
4538 4539
887 888
7018 7019
7153 7253
3302 3402
3238 3338
4814 4815
1855 1955
8366 8466
7397 7398
2472 2572
8662 8762
9790 9791
6254 6354
5137 5237
3750 3850
2462 2562
9766 9866
952 953
28 29
1186 1187
196 296
9827 9927
2605 2606
6800 6900
7378 7379
2449 2450
3511 3512
8933 9033
9259 9260
641 741
5958 6058
9665 9765
9551 9651
2452 2552
3272 3273
6860 6861
3245 3345
7375 7475
7767 7768
7391 7491
7238 7239
5206 5306
9198 9199
448 449
1291 1391
3457 3458
3257 3258
9231 9331
1676 1776
4022 4122
8239 8339
219 319
4181 4281
276 277
9002 9102
3223 3224
1755 1756
7649 7650
7241 7242
4144 4145
3727 3728
9022 9122
2268 2269
2754 2854
8869 8870
4896 4996
6380 6381
6813 6814
8330 8331
7944 8044
4386 4486
591 691
3862 3962
6374 6474
9929 9930
586 587
6485 6486
1493 1593
8679 8779
1258 1259
3993 4093
5743 5744
6855 6856
6849 6850
291 292
7904 7905
2664 2764
187 287
2392 2393
3968 4068
6959 7059
9423 9523
6899 6900
2610 2611
5612 5613
6115 6116
2181 2182
2901 2902
7865 7965
1046 1047
9781 9881
979 1079
3476 3477
7394 7494
3577 3677
3449 3549
5555 5556
983 984
7071 7171
5847 5848
6223 6224
3301 3302
6458 6558
1585 1586
8726 8727
1481 1482
4409 4509
5589 5689
6663 6664
7971 7972
493 494
7482 7582
1756 1757
4121 4221
3665 3765
7973 7974
2197 2198
6441 6541
3031 3032
9143 9144
9027 9028
5613 5614
6318 6319
4108 4208
987 1087
9138 9139
8109 8209
8698 8798
3237 3238
2158 2159
2071 2072
2219 2319
1128 1129
8872 8873
1697 1698
6503 6603
2203 2204
7098 7099
9696 9796
946 1046
1640 1641
8693 8793
8989 9089
70 71
1700 1800
8515 8615
3205 3305
9204 9205
6852 6853
2696 2697
8248 8249
4168 4169
3146 3147
6080 6180
5148 5149
4356 4456
4417 4517
3585 3586
9637 9638
5705 5706
7739 7839
3744 3745
7433 7533
3335 3435
3253 3353
5133 5134
7002 7102
6489 6589
558 658
3784 3884
270 271
2326 2327
4631 4731
7418 7419
202 203
5777 5778
7958 8058
7377 7378
7774 7874
7841 7842
5530 5531
5430 5431
1287 1288
5425 5525
9129 9229
5045 5145
6653 6753
676 776
8116 8216
8152 8153
2986 3086
5754 5854
3833 3933
6437 6537
492 592
3772 3773
4363 4364
8572 8672
731 732
3000 3100
7186 7286
4541 4641
1401 1501
4386 4387
2237 2238
7243 7343
7093 7193
4048 4148
9436 9437
697 797
7502 7602
1265 1266
9022 9023
836 936
1936 1937
3270 3271
2833 2933
5734 5735
4804 4904
7306 7307
858 958
9105 9106
5181 5182
5353 5453
4060 4160
1097 1197
2552 2652
2099 2100
643 743
5016 5017
3817 3917
6724 6824
9754 9854
1152 1153
6056 6057
2774 2775
7222 7322
1351 1352
1647 1648
897 997
8827 8927
6715 6716
6390 6391
8350 8450
6341 6342
1918 2018
1022 1122
2959 3059
1608 1609
5613 5713
9794 9795
2274 2374
1115 1215
9653 9654
1699 1799
9650 9750
3082 3083
8630 8730
6463 6563
7081 7181
3904 3905
3978 3979
8442 8443
3199 3299
5572 5672
8906 8907
355 455
2557 2657
7580 7581
5893 5993
1759 1760
5302 5303
1653 1753
2383 2483
4342 4442
7361 7362
3416 3417
6976 7076
1951 1952
7884 7885
3163 3164
8704 8804
307 308
431 531
2390 2490
1905 1906
2624 2724
5661 5662
3884 3885
6363 6364
5905 5906
420 520
1869 1870
6970 6971
5581 5681
137 237
2208 2308
4586 4686
559 659
7680 7681
4186 4286
4420 4520
9769 9869
8243 8244
5806 5906
4267 4367
4959 4960
4798 4799
6074 6174
5175 5275
5388 5488
7091 7092
9796 9797
2533 2534
1976 2076
1842 1942
3845 3945
7121 7221
2679 2680
8656 8756
7630 7730
7618 7619
5785 5885
4360 4460
7021 7022
9291 9292
1389 1489
2854 2855
4069 4169
2542 2543
7998 7999
2157 2158
1952 1953
5821 5921
5249 5250
4639 4739
5363 5364
9567 9667
192 292
3811 3911
3524 3525
1175 1275
8568 8569
8034 8035
903 1003
490 590
1041 1042
4127 4128
6607 6707
968 969
5830 5930
6446 6546
9743 9744
3547 3647
9034 9035
5680 5681
1064 1065
6953 6954
8527 8528
1857 1858
5232 5332
5678 5778
6456 6457
9654 9655
8433 8533
4499 4500
4803 4903
790 791
3968 3969
2567 2568
6451 6452
5215 5315
6079 6080
4841 4842
8002 8102
8822 8922
3273 3373
4847 4848
5606 5706
2261 2262
4068 4168
308 408
3487 3587
5016 5116
4268 4368
3609 3709
174 175
2931 2932
1723 1724
5141 5142
2417 2517
2535 2635
2693 2694
3702 3802
883 983
2539 2639
6929 7029
7339 7340
6367 6467
1489 1589
3267 3367
3704 3705
7185 7186
9806 9906
2127 2227
6134 6234
6935 7035
2856 2857
5915 6015
4208 4308
2497 2597
7980 7981
1569 1570
7022 7023
6998 7098
4934 5034
5125 5225
427 428
4756 4757
4514 4614
4111 4211
957 958
7021 7121
936 1036
1207 1208
7807 7907
5376 5377
436 437
1722 1822
1887 1987
3991 4091
2382 2383
7276 7277
7022 7122
3795 3895
2715 2716
7713 7813
9517 9518
3152 3153
2943 3043
4969 5069
4962 4963
5244 5344
1885 1886
8748 8749
8279 8379
2842 2843
3737 3837
5503 5504
9801 9802
4493 4593
1831 1931
9764 9864
4804 4805
8730 8731
4405 4406
2711 2811
4840 4940
7979 7980
5694 5794
8778 8878
5768 5868
413 513
9427 9428
4068 4069
7594 7694
2304 2404
4383 4483
1681 1781
9406 9407
3359 3459
1448 1449
2809 2810
8331 8431
327 427
4281 4282
9828 9829
1677 1678
6339 6340
6941 7041
5273 5373
381 481
5107 5108
3084 3184
1886 1986
7086 7186
7327 7427
8225 8226
621 721
4737 4837
6019 6119
9046 9047
1510 1511
8288 8289
5964 5965
5336 5337
7605 7705
6341 6441
7247 7248
9522 9523
3202 3302
5936 5937
1937 2037
7067 7068
8821 8822
8874 8974
1371 1372
5527 5528
5127 5227
1560 1561
2155 2156
1116 1117
1927 1928
4485 4486
7077 7177
6035 6036
8535 8536
8245 8345
168 268
1262 1362
1620 1720
9909 9910
6022 6023
290 390
434 435
7483 7583
5496 5596
2096 2196
3695 3696
2218 2219
6617 6618
6348 6448
7150 7250
1642 1742
6234 6334
979 980
5516 5616
3209 3210
2153 2154
5410 5411
2770 2870
2689 2789
4291 4391
2530 2531
8843 8943
6566 6666
3286 3386
8950 8951
5314 5414
8603 8604
5939 5940
2295 2395
4551 4651
386 486
242 342
95 96
314 414
6017 6018
7399 7499
2269 2369
9761 9861
2517 2518
3435 3535
590 690
6682 6782
6943 7043
8791 8792
6254 6255
8321 8421
6335 6435
4269 4270
8232 8332
1438 1538
2311 2411
7697 7698
3537 3538
9215 9315
3135 3136
988 1088
7662 7762
7565 7566
8743 8843
4899 4999
851 852
7028 7029
6992 6993
3892 3893
5641 5642
5989 5990
9995 9996
2064 2164
8293 8294
495 496
3132 3133
8135 8136
6592 6593
6459 6559
6838 6839
3794 3795
2325 2326
1206 1207
1525 1526
9710 9711
6354 6454
9216 9217
9619 9719
3490 3491
9453 9553
7524 7525
9545 9645
2239 2240
5629 5729
7540 7541
8693 8694
358 359
4406 4506
5596 5597
2451 2551
5996 5997
5518 5519
6838 6938
9484 9584
3556 3656
825 826
2882 2982
8684 8685
1149 1150
4975 4976
3755 3855
8720 8721
7401 7501
3331 3431
853 953
2938 3038
1957 2057
361 461
1919 2019
4930 5030
8823 8824
7390 7391
3626 3726
8027 8127
5022 5023
8658 8659
236 336
2948 2949
7292 7293
1351 1451
7586 7686
5343 5344
4514 4515
836 837
2648 2748
4165 4265
2717 2718
513 514
6807 6907
1633 1634
6988 7088
2488 2588
3144 3145
6553 6554
7689 7690
1061 1062
7313 7314
9004 9005
2456 2556
3961 4061
3837 3937
9776 9777
6280 6281
8417 8418
4143 4144
3558 3559
4187 4188
1426 1427
1297 1298
9707 9807
2313 2413
1626 1627
6205 6305
8551 8651
7731 7831
5082 5083
3553 3554
7164 7165
1161 1162
4287 4387
7701 7702
4584 4585
7355 7356
3003 3004
8842 8843
4328 4329
6637 6737
7742 7842
5173 5174
2356 2456
822 823
9376 9476
7358 7458
9785 9786
2825 2826
6008 6108
7790 7791
5131 5132
2799 2899
2657 2658
6317 6417
16 116
1181 1281
4202 4203
3172 3272
8391 8491
8237 8238
9576 9577
557 657
8935 8936
7120 7121
5641 5741
5151 5152
8630 8631
7336 7337
721 821
6798 6799
9129 9130
5178 5179
180 181
806 906
607 608
177 178
9299 9399
4492 4493
7390 7490
9673 9773
6707 6807
7326 7327
2946 3046
122 123
70 170
9242 9342
2376 2476
272 273
498 499
471 571
5000 5100
5965 5966
2688 2689
5911 6011
4186 4187
5874 5974
4789 4889
5431 5432
6191 6192
4780 4880
3418 3518
7821 7822
7006 7106
8622 8722
4996 5096
3465 3466
1752 1753
8670 8770
8650 8651
4545 4645
4456 4556
4053 4054
9323 9423
3282 3283
1945 2045
9472 9572
9161 9261
4542 4543
1932 2032
4261 4361
429 430
8685 8785
561 661
826 926
304 305
1254 1354
9573 9673
8481 8581
9863 9963
8953 9053
5789 5790
3770 3771
6614 6615
9679 9680
8128 8228
7342 7442
9188 9189
5397 5497
4114 4214
6552 6553
4451 4452
5918 6018
1313 1314
5443 5543
9235 9236
8940 9040
5540 5640
9656 9756
7405 7406
6993 6994
5194 5294
1768 1868
8127 8128
1254 1255
9582 9583
1240 1340
2489 2490
122 222
5888 5889
3891 3991
6999 7099
3993 3994
5319 5320
4065 4165
2971 2972
2538 2539
201 202
2463 2563
7737 7738
5574 5674
6467 6468
814 914
5463 5464
2887 2888
3659 3660
8976 8977
7217 7218
7140 7240
7962 7963
34 134
4223 4224
5173 5273
8298 8299
4621 4622
8818 8819
9674 9774
9375 9475
6165 6265
6664 6764
9269 9369
8688 8788
7668 7768
4007 4008
2686 2687
7569 7669
7239 7339
1113 1114
3299 3300
4390 4490
6528 6529
7732 7832
5630 5730
9109 9110
2627 2727
9511 9611
9535 9536
6260 6360
8209 8309
7296 7297
4687 4787
4600 4700
4220 4320
2315 2415
3840 3940
2248 2348
8829 8830
5322 5422
1575 1675
7656 7657
2392 2492
8285 8385
736 836
1345 1445
3281 3381
1314 1414
3181 3281
9487 9587
3590 3690
4505 4506
1978 2078
4355 4356
6687 6688
729 730
8232 8233
6432 6532
4873 4973
1720 1721
198 298
6108 6109
6549 6550
8143 8144
4128 4228
1427 1428
5994 5995
7824 7825
6440 6441
7751 7752
5208 5308
3073 3173
2850 2851
3988 4088
9933 9934
3962 4062
6590 6591
7603 7703
6220 6221
1974 2074
707 807
4488 4489
9488 9489
3823 3923
7061 7161
5547 5548
9096 9196
9443 9543
1614 1615
2313 2314
9067 9167
468 568
1372 1472
3097 3098
291 391
9039 9139
9476 9477
623 624
2644 2744
1948 1949
6315 6415
2382 2482
9052 9053
7015 7115
6050 6051
9716 9717
3546 3646
7087 7088
8548 8648
8324 8325
7911 7912
2903 2904
7062 7162
5320 5420
9702 9802
4030 4031
5346 5446
2215 2216
2994 3094
6137 6237
6354 6355
8611 8711
9404 9504
9783 9883
6066 6166
5710 5810
6125 6225
7361 7461
757 758
7807 7808
5975 6075
2273 2274
2734 2735
1252 1352
8887 8987
5738 5739
5481 5482
9788 9789
5750 5751
8530 8531
7820 7821
5042 5142
4828 4928
510 511
6089 6189
6488 6588
777 778
3173 3273
7440 7540
5294 5295
314 315
4408 4508
1534 1634
3054 3055
1548 1549
7936 7937
8781 8782
1195 1196
8014 8015
6211 6212
6269 6369
7583 7584
2532 2632
3491 3591
2398 2498
3932 3933
4348 4448
79 80
1770 1771
9735 9835
9792 9793
5103 5203
6837 6937
4689 4789
3627 3727
5808 5809
2129 2130
358 458
2624 2625
3728 3729
8514 8515
754 755
7796 7797
5099 5100
3941 4041
8580 8581
3330 3331
1923 2023
4506 4606
3098 3099
171 172
1276 1376
1670 1770
6811 6911
9311 9312
1376 1377
539 540
4602 4603
7901 8001
3149 3150
7404 7504
9032 9132
8929 8930
5126 5226
5004 5104
2077 2177
6289 6389
3131 3132
8428 8528
9261 9361
5355 5455
2475 2476
9954 9955
4453 4553
4377 4477
1965 1966
2484 2584
3622 3623
3466 3467
5913 5914
4625 4725
4133 4233
6021 6121
2929 3029
8579 8580
8701 8801
1981 2081
8769 8770
1527 1627
4946 4947
3064 3164
3054 3154
7892 7992
8628 8728
9272 9372
461 462
8966 9066
2619 2719
9595 9596
4573 4673
4872 4972
763 863
4871 4872
7781 7782
9594 9694
3167 3267
378 379
7837 7937
4890 4891
1956 2056
606 706
6732 6733
5045 5046
5218 5318
1523 1623
524 525
5904 6004
903 904
517 518
8452 8552
41 141
7456 7457
9221 9321
6906 6907
3093 3094
1780 1880
9679 9779
9304 9305
906 907
3534 3634
9676 9776
1289 1389
5654 5655
4021 4121
8212 8312
3712 3812
5409 5410
1304 1404
5857 5957
4434 4534
3129 3229
510 610
1253 1254
4132 4133
941 1041
9734 9735
4204 4205
3411 3412
6131 6231
1897 1997
3088 3089
3121 3221
3520 3521
9394 9494
115 116
7175 7275
8029 8129
7785 7885
3738 3739
1198 1298
4691 4791
4585 4685
9685 9785
9417 9418
3201 3202
3257 3357
1586 1686
6612 6712
856 956
3947 3948
7455 7555
5286 5287
6656 6756
5505 5605
940 1040
5144 5244
8859 8860
5702 5802
6335 6336
2001 2002
2896 2996
7757 7857
6478 6479
7181 7182
4160 4260
3149 3249
6561 6562
5089 5189
512 612
67 68
3100 3200
7520 7620
6556 6557
6605 6606
9747 9847
861 862
2150 2250
323 324
8422 8423
6824 6924
3413 3414
2552 2553
1859 1959
8130 8131
6940 6941
2370 2371
5228 5229
6095 6096
7645 7745
8772 8773
4078 4178
4476 4576
2362 2363
8729 8730
2395 2495
4043 4143
6611 6612
6490 6590
9163 9164
4586 4587
930 931
1684 1784
8854 8954
8146 8246
6325 6425
4694 4794
9550 9551
161 261
8093 8193
8719 8720
8917 8918
6922 7022
3775 3776
3730 3731
9307 9308
192 193
2912 2913
2287 2288
9648 9748
9479 9480
3339 3340
2107 2108
7088 7089
746 846
7627 7727
5558 5559
5110 5210
1213 1214
5550 5650
9866 9966
6958 7058
5002 5102
8669 8769
1011 1012
1553 1554
2488 2489
4684 4784
3808 3908
2880 2980
8230 8330
4766 4866
6364 6464
6626 6726
8175 8176
9247 9347
7678 7778
1634 1734
544 644
2773 2774
762 862
8810 8811
8211 8311
200 300
6202 6203
9771 9772
1209 1309
6310 6311
9622 9623
8795 8796
7100 7200
5681 5682
3722 3723
6805 6806
4349 4350
3596 3696
9780 9781
2882 2883
9406 9506
8290 8390
6484 6485
6377 6477
5062 5063
2611 2612
3126 3226
4014 4114
935 936
5473 5573
177 277
4893 4993
8222 8322
1104 1105
2043 2044
5222 5322
7034 7035
9763 9764
2078 2079
9981 9982
5837 5838
2987 2988
7846 7946
9850 9950
1482 1483
1095 1096
9898 9899
8050 8051
5433 5434
8395 8396
8639 8640
264 364
9710 9810
637 737
9569 9669
16 17
5784 5785
6039 6139
5584 5684
1141 1241
3948 3949
1694 1695
2043 2143
2966 3066
6128 6129
9546 9646
9177 9178
4074 4174
7637 7638
5134 5234
5005 5006
2757 2857
8924 9024
4724 4824
9230 9330
7211 7311
6279 6280
5591 5592
8150 8250
1920 1921
7746 7846
4628 4629
1635 1636
8835 8935
8037 8038
7878 7879
1110 1210
7452 7552
6061 6161
3678 3778
7547 7647
9651 9751
2349 2350
4698 4798
5037 5038
9935 9936
4369 4469
1357 1457
2461 2561
3205 3206
8028 8029
2173 2273
6044 6144
569 669
2278 2279
4231 4331
2438 2538
7630 7631
4016 4116
3247 3347
3408 3409
1294 1295
5464 5465
4768 4868
5076 5077
3664 3665
2639 2739
1474 1475
4327 4427
4656 4657
6496 6596
9877 9977
8376 8377
7841 7941
6993 7093
7180 7181
2498 2598
6402 6403
8928 9028
1433 1434
4631 4632
3150 3250
7795 7895
2470 2570
898 998
9439 9440
4325 4425
7400 7500
8656 8657
8221 8222
6739 6839
2590 2591
8108 8208
5377 5477
72 73
8767 8867
6507 6607
6066 6067
7748 7749
2704 2804
9393 9394
1283 1284
3925 4025
5836 5837
5486 5586
7088 7188
8366 8367
8361 8461
3184 3284
5333 5334
6025 6026
1933 1934
1938 2038
4259 4359
2118 2119
4289 4290
6655 6656
466 467
4577 4677
3007 3107
5287 5288
7753 7754
3496 3596
9884 9885
757 857
5331 5332
3402 3403
6511 6512
8704 8705
5922 5923
6891 6892
860 861
9844 9944
3447 3448
9155 9156
2823 2824
6308 6408
5527 5627
4645 4646
381 382
9232 9233
6013 6014
5699 5799
4811 4812
9442 9443
5272 5372
6522 6622
6835 6836
2742 2842
9508 9509
3453 3553
2700 2800
587 687
8753 8754
7055 7155
9463 9464
9279 9280
231 331
7340 7440
6123 6124
7203 7204
2966 2967
5401 5402
7546 7646
1092 1093
1223 1224
1627 1727
1896 1897
5414 5514
8978 8979
8026 8126
7357 7457
3227 3327
7456 7556
5096 5097
5456 5457
6193 6293
1625 1725
3192 3292
9559 9659
8814 8914
6814 6914
4497 4498
1066 1067
9744 9745
3458 3558
5859 5860
1143 1243
7619 7620
4399 4499
9180 9181
341 342
3119 3120
3525 3526
2592 2692
4382 4482
5052 5053
562 563
8585 8586
3334 3434
650 750
1735 1736
6199 6299
4251 4252
7119 7219
1338 1339
9465 9466
7136 7236
5217 5317
280 380
5619 5719
6766 6767
23 24
3073 3074
8217 8218
5301 5302
8005 8006
4392 4492
5645 5745
2536 2636
6930 6931
584 585
7616 7716
1456 1556
1741 1841
976 1076
5273 5274
7967 8067
8230 8231
8101 8201
5269 5369
4012 4112
1018 1019
8786 8787
8446 8546
4478 4578
2724 2824
2403 2404
3856 3857
7617 7717
9325 9425
9852 9853
8627 8628
811 812
1394 1395
4828 4829
803 903
344 444
8805 8806
4660 4760
286 287
5050 5051
795 895
4123 4124
5347 5447
6170 6171
1925 1926
7076 7077
963 1063
9705 9805
3895 3896
2206 2306
4765 4766
3758 3759
2949 2950
9908 9909
2056 2156
7743 7843
6285 6286
6658 6659
8313 8413
5825 5925
4291 4292
106 206
1092 1192
1027 1028
4616 4617
8863 8963
4783 4784
7239 7240
8799 8899
5282 5283
9547 9647
8235 8335
820 821
8522 8622
9380 9381
9088 9089
8475 8476
2211 2311
7240 7340
7721 7821
9282 9382
9670 9770
1208 1209
9824 9924
297 298
7686 7687
6591 6691
8861 8961
3164 3264
9737 9738
3882 3982
8561 8562
1250 1350
3328 3428
101 201
3031 3131
8837 8937
1326 1426
40 41
5312 5313
8308 8408
2378 2478
6569 6669
6256 6257
5271 5272
2507 2607
2485 2486
9514 9614
6256 6356
6948 6949
5366 5367
8260 8360
2740 2741
2959 2960
6930 7030
9141 9241
22 122
8463 8563
8848 8948
4722 4723
2148 2149
7566 7567
6678 6679
1426 1526
6696 6796
8669 8670
2396 2496
7931 8031
623 723
1971 2071
5255 5355
2364 2464
734 735
3772 3872
6394 6395
8489 8490
6547 6548
8649 8650
2588 2688
8916 8917
7457 7458
2343 2344
295 296
2243 2343
2301 2401
4739 4839
1301 1302
751 752
7916 8016
189 289
5827 5927
4354 4355
649 650
3723 3823
715 815
5192 5292
2600 2700
8437 8438
1597 1697
4676 4677
6321 6421
1060 1061
5529 5629
2815 2816
7594 7595
2775 2875
6443 6444
1008 1009
6043 6044
4224 4225
8325 8326
1803 1804
5403 5404
2901 3001
3725 3825
6522 6523
1472 1572
6834 6934
4135 4136
8843 8844
9256 9257
1685 1785
7927 8027
3019 3020
2401 2402
3507 3607
673 773
155 255
5993 5994
7645 7646
2190 2191
3791 3891
652 752
9118 9119
2125 2126
4063 4163
6986 7086
6265 6365
3957 3958
8692 8792
274 374
8027 8028
4040 4140
8894 8994
6845 6945
5542 5543
2816 2916
591 592
960 961
7384 7484
4713 4813
5698 5798
1577 1578
8509 8609
7140 7141
6528 6628
6050 6150
4785 4885
4053 4153
6269 6270
3471 3571
5538 5638
3960 3961
3443 3543
2591 2592
3423 3424
6053 6054
6355 6455
7844 7845
7887 7987
7065 7165
7762 7862
9438 9538
3711 3811
9072 9073
6553 6653
5001 5101
9695 9795
1458 1558
4901 4902
4070 4170
3999 4000
2020 2120
5956 6056
7839 7939
9220 9320
2174 2175
6513 6613
2832 2833
2431 2432
7079 7080
3079 3179
7688 7689
3110 3111
3816 3817
2172 2173
970 971
5664 5665
9160 9260
5916 5917
6529 6629
689 789
4603 4703
3710 3711
7389 7390
9448 9449
6010 6110
9458 9558
97 98
8695 8696
7761 7762
8395 8495
5541 5542
6783 6784
6038 6039
6900 7000
6599 6699
9943 9944
612 712
2869 2969
3920 4020
3462 3562
9149 9249
3233 3234
2011 2012
2204 2205
9867 9868
5550 5551
6962 6963
8816 8817
4829 4830
4241 4242
2841 2842
2697 2698
6386 6486
7989 7990
4826 4827
5161 5162
8059 8060
8215 8216
1643 1644
3745 3845
4773 4873
114 214
7101 7102
4346 4347
9642 9742
1844 1845
4575 4576
9815 9915
9285 9385
3116 3216
4540 4640
4553 4554
1349 1350
4977 5077
8164 8165
7484 7485
7552 7553
2409 2410
6957 7057
525 526
5841 5842
4084 4085
891 892
4570 4670
3142 3242
8856 8857
9430 9431
199 200
3828 3829
4349 4449
9645 9745
4684 4685
3119 3219
6277 6377
8445 8446
4350 4351
4947 5047
570 670
9821 9921
7383 7384
987 988
5976 6076
9093 9193
4123 4223
9318 9319
557 558
497 498
5379 5479
9232 9332
8008 8009
9352 9452
9135 9235
6447 6547
4802 4902
2192 2193
1906 1907
5780 5781
6815 6816
8297 8298
4337 4437
9446 9546
3522 3523
7509 7609
4446 4546
5322 5323
980 981
4725 4726
3497 3498
6525 6625
1445 1446
5277 5278
9970 9971
2113 2114
3769 3770
8857 8957
3921 3922
6780 6781
2291 2292
6296 6396
9485 9486
6643 6743
2808 2809
925 1025
9375 9376
8327 8427
5138 5139
9319 9320
4240 4241
1241 1341
6449 6450
8071 8072
2352 2353
694 794
2263 2264
7798 7898
4965 5065
1880 1980
2061 2161
9539 9639
3403 3404
4275 4276
5729 5829
6156 6157
9608 9708
415 416
5320 5321
1681 1682
3177 3178
9811 9812
2271 2371
7866 7867
2040 2041
2225 2226
7035 7036
208 308
2713 2813
4763 4764
5665 5666
3541 3542
8547 8548
1688 1788
9385 9386
2538 2638
2439 2440
2493 2593
8828 8829
829 830
6786 6787
5771 5871
8305 8405
3729 3829
7627 7628
2931 3031
3787 3788
8414 8514
6928 6929
8030 8031
186 286
1579 1679
6327 6328
8907 9007
9133 9134
4018 4019
2256 2356
4151 4152
2284 2285
3938 3939
7398 7399
8984 9084
3916 3917
8735 8835
5101 5102
8090 8190
7292 7392
2554 2654
4805 4806
3044 3045
2864 2865
5744 5745
8686 8786
4782 4783
6383 6483
3345 3445
9448 9548
5770 5870
6195 6295
8573 8673
3941 3942
4475 4575
6570 6571
4482 4483
6263 6363
9799 9899
5240 5340
2781 2881
8679 8680
7024 7025
576 577
1854 1855
4283 4383
5963 6063
7037 7038
6138 6238
7066 7166
1365 1465
5058 5059
8560 8660
8810 8910
2802 2902
4844 4845
864 964
8032 8132
1172 1173
4859 4959
2306 2406
5219 5319
1410 1411
3502 3503
7653 7753
1480 1481
9086 9087
7661 7761
7169 7170
5503 5603
9758 9858
3336 3436
3355 3356
5360 5460
1538 1638
5017 5018
8353 8453
7317 7417
9812 9813
8820 8920
9705 9706
6425 6426
6925 6926
5210 5211
1777 1778
6757 6758
7273 7373
1261 1361
7501 7502
4112 4113
6853 6854
8012 8112
274 275
9169 9269
8267 8367
9045 9145
5884 5984
1361 1362
8692 8693
3162 3163
5920 6020
1943 1944
8962 9062
6337 6338
6925 7025
7407 7408
9040 9041
7085 7086
128 129
943 944
1354 1454
2764 2765
6197 6198
7382 7383
7435 7436
5143 5243
7406 7506
1530 1630
6302 6402
2705 2805
3439 3440
2597 2697
2620 2720
9216 9316
2028 2029
8985 9085
1348 1448
2647 2648
1059 1159
3628 3629
8096 8097
6694 6794
3252 3253
9180 9280
6575 6675
9501 9601
3074 3174
6628 6629
1406 1407
4340 4341
6070 6071
7680 7780
9398 9498
985 986
4991 4992
9128 9228
2632 2732
7926 7927
3878 3879
5154 5155
5948 5949
962 1062
7694 7794
512 513
6638 6738
6041 6141
3663 3664
7220 7320
1834 1835
716 816
1703 1803
75 76
4138 4139
654 655
8771 8871
3918 3919
6524 6525
2063 2064
2195 2295
6164 6264
773 873
5286 5386
1770 1870
3828 3928
8199 8299
6219 6319
9615 9616
7737 7837
2840 2841
2331 2431
9896 9897
7532 7632
8291 8292
8787 8788
8125 8225
9793 9893
9593 9594
7613 7614
3700 3800
2210 2310
9280 9281
7349 7449
7485 7486
470 570
5880 5881
3763 3863
7920 7921
8038 8039
2865 2965
4873 4874
78 178
1509 1510
3093 3193
4333 4334
8469 8569
6733 6734
8912 8913
6626 6627
4866 4867
3496 3497
1558 1559
909 910
6879 6979
7934 8034
7333 7433
1205 1206
3744 3844
3946 3947
7651 7751
4070 4071
4268 4269
8317 8318
9447 9547
1377 1378
1016 1116
2831 2931
6287 6288
419 420
7302 7303
6759 6859
9565 9665
4629 4729
4422 4522
2034 2035
7112 7113
4332 4333
8890 8891
141 142
4252 4352
1746 1747
959 960
7233 7234
7662 7663
8216 8217
6226 6326
4219 4319
1357 1358
1691 1791
775 776
3315 3415
7031 7131
7183 7283
3735 3835
4611 4711
4324 4325
8339 8439
4465 4466
6402 6502
9101 9102
2614 2615
7541 7641
9956 9957
5325 5425
57 157
545 546
3353 3354
203 204
8633 8634
1329 1429
6055 6155
8115 8116
5714 5715
4970 5070
7440 7441
3905 3906
1132 1232
5755 5855
1995 1996
6769 6770
1185 1186
7322 7323
7329 7330
6424 6425
9660 9760
6445 6545
2033 2133
5752 5753
6473 6573
87 187
6770 6870
684 784
6970 7070
7366 7367
1989 1990
2649 2749
6659 6660
1360 1361
1996 2096
996 1096
7635 7636
5279 5280
2144 2244
796 797
1080 1180
2646 2746
8566 8567
4564 4565
9470 9570
6239 6240
1802 1902
7095 7096
972 973
6909 7009
7434 7534
2022 2122
6052 6053
432 433
371 471
4004 4104
2608 2708
1299 1300
3247 3248
3109 3110
8527 8627
9608 9609
6049 6050
5928 5929
5643 5743
744 844
2372 2472
5844 5944
9748 9848
5633 5634
9673 9674
9282 9283
3489 3490
1098 1198
5593 5693
8206 8207
1652 1752
2622 2623
1152 1252
349 350
7783 7784
3333 3334
7083 7084
8939 9039
6631 6632
6808 6809
3156 3256
9506 9606
8532 8533
9682 9683
2858 2958
1774 1874
8431 8531
9078 9178
6305 6405
2908 3008
5576 5577
8314 8414
670 770
2003 2004
583 584
9461 9462
6698 6699
7699 7700
6189 6289
907 908
830 930
4458 4459
7457 7557
2796 2797
9460 9560
3495 3496
9346 9347
4004 4005
9768 9868
9276 9277
6785 6786
9613 9713
3880 3980
9328 9329
8111 8211
2114 2115
5751 5851
1247 1248
285 286
399 400
3562 3662
1118 1218
4960 4961
7442 7443
1225 1325
6422 6522
5429 5430
1424 1524
6677 6777
2584 2585
212 213
4728 4828
681 781
8592 8593
8448 8449
6683 6783
4470 4471
8602 8702
1911 1912
2437 2438
3365 3465
8887 8888
7632 7633
7209 7309
6788 6789
9194 9294
6877 6977
8374 8474
9076 9176
6499 6599
9195 9295
4580 4680
3903 4003
2890 2891
390 391
6277 6278
6819 6919
675 775
1333 1334
3909 3910
6222 6223
9775 9875
5654 5754
5470 5570
9822 9922
3258 3259
3070 3170
9243 9343
161 162
4388 4488
1714 1814
5750 5850
6009 6010
8558 8559
2104 2105
1931 2031
5306 5307
8776 8876
5300 5400
6267 6367
1191 1192
3310 3311
5021 5121
8309 8310
4182 4282
4701 4702
8329 8429
1618 1619
5746 5846
4258 4259
4282 4283
4629 4630
5083 5084
3341 3342
4272 4372
6364 6365
3829 3929
9487 9488
114 115
6087 6187
6321 6322
1457 1458
5311 5411
1730 1830
3603 3703
1033 1034
3320 3321
5557 5657
900 1000
5848 5948
8150 8151
7591 7592
3076 3077
9771 9871
3749 3849
9329 9429
6921 7021
2286 2287
3550 3551
3106 3107
7464 7564
8326 8327
9215 9216
4261 4262
8479 8579
3615 3715
6588 6589
5882 5883
9515 9516
2868 2869
4906 4907
4530 4531
9753 9754
6908 6909
9513 9613
5814 5815
4821 4822
1882 1982
1037 1137
5303 5304
4865 4866
8969 8970
876 976
1367 1368
66 67
4972 5072
8996 8997
2164 2165
4522 4523
34 35
6215 6216
6376 6377
7133 7233
8853 8953
9925 9926
2024 2124
7258 7259
8948 9048
7283 7383
1588 1589
6804 6904
8063 8163
3421 3422
6998 6999
6463 6464
8981 8982
8962 8963
1184 1185
5393 5493
7002 7003
9641 9642
3232 3233
3922 3923
336 337
4092 4093
2137 2237
1002 1003
3418 3419
9407 9507
8313 8314
4255 4256
3218 3318
5011 5111
4071 4171
2491 2591
8964 8965
4155 4255
740 840
9607 9608
6966 7066
3842 3942
7190 7290
7816 7916
8511 8611
7004 7104
3044 3144
9564 9565
893 894
2502 2602
6245 6246
6415 6515
5225 5226
5944 5945
4325 4326
1501 1502
4823 4923
4165 4166
7780 7781
7309 7409
683 684
398 498
5231 5331
9073 9173
5481 5581
9561 9661
4436 4536
8447 8547
923 924
9936 9937
4365 4366
1738 1739
6139 6239
3102 3202
2176 2276
252 253
2648 2649
3559 3659
7176 7177
1039 1139
3410 3510
8401 8501
6002 6003
5150 5151
2586 2686
5069 5070
166 167
8723 8823
1905 2005
7281 7381
5807 5808
8439 8440
8332 8432
6797 6798
3971 4071
6334 6434
8193 8293
3963 3964
4482 4582
2789 2790
5874 5875
6597 6598
8055 8155
2749 2750
4902 4903
5797 5897
2191 2291
6519 6520
8732 8832
6059 6060
2458 2459
2610 2710
4449 4549
4759 4760
6429 6430
2028 2128
2885 2985
8846 8946
5457 5557
475 476
9297 9298
9727 9827
6565 6566
8977 9077
7522 7523
1122 1222
3264 3364
3897 3898
2965 3065
3153 3253
9336 9337
5525 5625
5359 5360
4232 4233
6587 6588
1093 1193
2965 2966
9939 9940
4619 4719
349 449
8953 8954
1536 1636
7385 7485
6515 6516
5132 5133
2948 3048
844 944
2051 2052
6596 6696
2690 2691
5212 5213
6935 6936
723 724
4922 4923
8987 9087
2364 2365
9067 9068
9415 9515
3981 3982
8934 9034
7869 7870
605 606
5708 5808
8783 8784
2135 2136
2336 2337
1675 1775
2303 2403
3469 3569
1097 1098
9946 9947
6949 6950
8686 8687
1140 1141
9058 9158
7913 8013
3361 3362
3224 3324
2323 2423
2369 2469
3388 3488
5942 5943
664 764
6072 6172
443 543
9556 9656
3128 3228
9450 9550
3933 3934
5003 5004
6158 6159
6592 6692
4164 4165
1234 1334
4156 4157
2665 2765
799 800
6865 6866
3544 3644
2344 2444
8265 8266
3235 3335
4692 4693
756 856
2164 2264
7272 7372
2010 2110
929 930
2974 3074
55 56
3833 3834
5411 5412
1866 1966
8480 8481
7215 7216
2578 2678
7867 7967
644 645
6055 6056
2160 2161
3515 3516
9168 9169
5647 5648
6907 6908
3714 3715
1519 1520
7949 7950
4316 4416
2692 2693
4169 4170
9372 9373
8167 8168
1974 1975
8126 8226
6382 6482
617 618
1154 1155
3172 3173
8038 8138
4015 4016
5155 5156
456 457
8556 8557
6229 6329
1390 1490
1627 1628
7172 7173
6139 6140
4196 4197
2403 2503
6507 6508
8360 8361
632 633
7589 7689
9138 9238
8801 8901
1323 1324
263 264
3021 3022
5793 5794
5418 5419
1333 1433
3526 3626
7506 7606
108 109
8936 8937
5836 5936
9092 9192
2434 2534
5576 5676
4275 4375
829 929
2641 2741
8140 8240
5646 5746
9149 9150
4249 4250
5137 5138
5927 6027
8393 8394
4669 4769
868 869
9715 9716
9043 9143
8711 8712
5710 5711
7915 8015
6314 6414
5971 6071
5624 5625
1153 1253
6377 6378
5635 5735
9344 9345
3730 3830
4125 4126
7963 7964
3805 3806
6271 6272
702 703
2941 2942
3055 3056
6809 6810
3719 3720
5849 5949
3137 3138
3860 3861
4707 4807
6048 6148
4452 4552
8276 8376
8754 8854
9164 9264
6431 6432
7362 7462
5754 5755
9862 9863
9667 9668
7020 7021
2117 2217
7908 8008
9434 9435
3020 3120
8789 8889
3356 3456
1090 1091
9236 9237
2665 2666
9254 9255
8732 8733
1306 1406
2161 2162
2467 2567
1435 1535
3262 3362
9973 9974
1031 1032
9834 9835
7127 7128
325 326
3291 3292
1047 1147
8751 8851
7318 7418
9717 9817
6711 6811
3803 3804
8414 8415
5816 5916
5864 5964
5408 5409
1564 1664
8834 8835
9331 9431
8080 8180
8252 8253
1991 2091
8442 8542
2852 2952
639 640
1284 1285
150 151
828 928
9624 9625
5288 5289
2564 2664
6366 6367
8482 8483
3581 3681
9327 9427
1303 1403
5146 5147
2651 2751
2546 2547
8144 8145
108 208
5121 5221
5108 5208
5009 5109
2186 2286
83 84
3234 3334
3668 3669
6249 6349
8609 8709
5448 5548
706 806
1484 1584
7770 7870
9713 9714
4129 4229
926 1026
9162 9163
5779 5780
4751 4752
9558 9559
6723 6823
6987 6988
6710 6711
2659 2660
7214 7314
8227 8228
4985 5085
2736 2737
6865 6965
4048 4049
2886 2887
7854 7954
3733 3734
166 266
2088 2089
3518 3618
4148 4149
4801 4802
5448 5449
153 154
426 526
4881 4981
7784 7785
871 971
1428 1429
9642 9643
4454 4455
8818 8918
5124 5224
9382 9383
1637 1638
1144 1145
8502 8503
422 522
3459 3559
4674 4675
1951 2051
1289 1290
1547 1548
518 618
9588 9688
664 665
2476 2576
971 972
1356 1357
1689 1789
3434 3534
8315 8415
2667 2767
8824 8825
7631 7731
3707 3708
2675 2775
6350 6450
2425 2525
301 302
3504 3604
7696 7796
5043 5044
8855 8856
679 680
639 739
1597 1598
1282 1283
3040 3041
6 7
6016 6116
1734 1735
8204 8304
7278 7378
9345 9445
2628 2629
1376 1476
2282 2283
1402 1403
4337 4338
6360 6460
9154 9155
1204 1205
7173 7174
5583 5683
9877 9878
7195 7295
645 646
8298 8398
1607 1608
3506 3507
1913 2013
8381 8481
1308 1408
513 613
4912 4913
5619 5620
3412 3413
4213 4214
3509 3510
948 1048
352 353
1849 1949
2540 2640
2928 3028
2116 2117
221 222
6684 6784
5767 5768
1998 1999
4806 4906
592 593
4770 4870
5061 5161
4415 4515
3823 3824
630 730
9888 9988
4563 4663
5593 5594
6296 6297
361 362
2748 2749
8283 8284
9248 9249
4608 4609
7134 7135
2376 2377
7515 7516
5812 5912
1233 1333
6726 6727
7151 7251
1203 1303
9357 9457
992 993
203 303
6136 6236
4964 5064
9080 9081
6575 6576
2478 2479
6389 6489
7553 7554
2081 2082
7372 7373
4999 5000
2366 2466
4392 4393
8304 8404
1863 1963
9238 9338
2976 3076
8809 8909
5966 5967
2281 2282
3870 3871
2049 2050
6967 7067
5011 5012
8756 8856
5628 5629
1285 1385
9498 9499
6209 6309
476 576
1126 1127
4646 4746
399 499
8635 8735
1367 1467
5566 5567
626 627
4635 4735
1340 1440
4730 4731
1341 1441
9529 9530
4424 4524
7528 7529
8757 8857
4513 4613
6501 6502
1849 1850
4898 4998
1939 2039
9455 9456
941 942
5736 5836
2585 2685
9854 9954
5749 5750
3678 3679
5474 5574
9746 9747
573 673
6302 6303
8068 8069
3204 3205
6412 6413
2076 2176
6084 6184
3342 3442
3741 3742
5461 5462
293 393
6767 6867
9866 9867
3930 4030
7860 7861
5832 5833
4532 4533
9408 9508
9025 9125
4166 4167
9116 9216
6061 6062
9184 9185
2854 2954
8058 8158
6720 6721
2379 2479
3857 3957
991 1091
4352 4452
4932 5032
595 695
3907 3908
3611 3612
1619 1620
942 1042
8605 8705
6370 6371
2360 2361
1730 1731
4630 4631
3153 3154
9611 9612
6485 6585
9815 9816
8496 8596
4263 4264
9357 9358
563 663
2103 2104
6075 6076
8917 9017
2398 2399
1499 1599
8419 8420
7036 7037
7285 7385
8434 8534
1861 1961
5025 5026
5974 6074
9589 9689
6115 6215
4496 4596
9220 9221
5113 5213
4000 4100
4654 4754
9524 9624
9140 9240
2418 2419
1012 1112
8231 8232
1084 1085
9043 9044
680 681
5705 5805
1578 1579
1732 1733
240 241
3539 3639
2660 2661
4093 4193
2565 2665
1793 1794
2170 2171
787 887
1843 1943
4445 4446
6393 6394
8687 8688
5477 5478
4919 5019
2054 2154
4385 4485
8940 8941
1079 1080
129 130
7434 7435
9444 9544
9690 9790
1713 1714
457 458
7142 7143
3384 3484
9686 9687
3460 3461
1784 1785
1825 1826
1023 1123
5602 5603
1561 1661
2109 2209
566 567
7972 7973
9549 9550
2330 2430
935 1035
9950 9951
8476 8576
6330 6430
8182 8282
7234 7235
1791 1792
8774 8874
5972 6072
1171 1271
3922 4022
44 144
7771 7772
9201 9202
7073 7074
3848 3849
9722 9723
1369 1370
1267 1268
2704 2705
4738 4739
7059 7159
3411 3511
2963 3063
8618 8718
4860 4861
8528 8628
5839 5939
2911 2912
2322 2422
163 263
9525 9625
6462 6463
461 561
5620 5621
9519 9619
178 179
8346 8347
9266 9267
5272 5273
1524 1525
4042 4043
1581 1681
1216 1217
5500 5600
9245 9246
8817 8818
3006 3007
2599 2699
1021 1121
3348 3448
8101 8102
4468 4469
671 672
3950 3951
6362 6363
2401 2501
794 894
441 541
4241 4341
5799 5800
9531 9631
7728 7828
7984 8084
7903 8003
3493 3494
7027 7028
2057 2058
3304 3305
9690 9691
4977 4978
6560 6660
1977 1978
2634 2635
6931 6932
4494 4495
3832 3932
6353 6354
8550 8650
8003 8103
3610 3611
7012 7112
6864 6865
5696 5697
8785 8885
2728 2828
2544 2644
1439 1539
5106 5206
4762 4862
1094 1095
6111 6112
2394 2395
93 94
6112 6212
6535 6635
9834 9934
4727 4728
7772 7872
7369 7370
6419 6420
9826 9827
7559 7659
6852 6952
6641 6642
9826 9926
9664 9764
9493 9593
6864 6964
5873 5874
3595 3695
5371 5372
9120 9121
1495 1595
5609 5610
5922 6022
5915 5916
32 132
3966 3967
1812 1912
4718 4719
5446 5447
5197 5297
6750 6850
2224 2324
9306 9406
8359 8459
2217 2317
1758 1759
9350 9351
5217 5218
1481 1581
5135 5235
7407 7507
2216 2316
6893 6894
6217 6218
9127 9227
6498 6499
5468 5568
2871 2971
4425 4426
3752 3753
3987 3988
1490 1590
8663 8664
5434 5534
1792 1793
4696 4796
6975 6976
5275 5375
110 210
4483 4583
2230 2231
8836 8936
2108 2109
9050 9051
1552 1652
7517 7518
8840 8841
7329 7429
468 469
6879 6880
421 521
6093 6193
3018 3019
9865 9866
374 474
752 753
3096 3097
6510 6610
6802 6902
9452 9552
3308 3408
334 335
4683 4684
3239 3240
3430 3431
5876 5976
2917 2918
5416 5417
6253 6254
1056 1156
5875 5876
845 846
1368 1468
9240 9340
4041 4042
6773 6873
6932 6933
8394 8395
6909 6910
1634 1635
3062 3063
6665 6765
5677 5678
2699 2799
9146 9147
9643 9743
8574 8575
3863 3963
6606 6607
4183 4283
4625 4626
5490 5590
9741 9841
2711 2712
3576 3577
1747 1847
4457 4458
5542 5642
2258 2358
366 466
2244 2344
5504 5604
5769 5770
1430 1530
9975 9976
7861 7961
9134 9234
3467 3567
3165 3265
3178 3179
8160 8161
1592 1692
5442 5542
5182 5183
9420 9421
6597 6697
6200 6300
8619 8620
317 318
4430 4431
2448 2449
6262 6263
2916 2917
6342 6442
9106 9107
2756 2757
9341 9441
5791 5792
7137 7237
1200 1300
4895 4896
8171 8172
5205 5305
1680 1681
5635 5636
4651 4652
5859 5959
5592 5593
8817 8917
584 684
2993 3093
2517 2617
6936 6937
2104 2204
8239 8240
5019 5020
2859 2860
9364 9464
533 633
3570 3571
9723 9823
6543 6544
6568 6569
7444 7544
362 462
2776 2876
854 954
5956 5957
9991 9992
9396 9397
5597 5598
6105 6205
1797 1798
3685 3686
4075 4175
5329 5330
9937 9938
6957 6958
5753 5754
6760 6761
6686 6786
9983 9984
7900 8000
372 472
7676 7677
5569 5570
1048 1148
3555 3655
3058 3158
9245 9345
1823 1923
2984 2985
8828 8928
3503 3603
804 904
3306 3406
8993 9093
2470 2471
9756 9856
9798 9898
8197 8297
9184 9284
9803 9903
6476 6576
7105 7106
1373 1473
7242 7243
8024 8025
2582 2583
7174 7274
9851 9852
3105 3205
2658 2758
2861 2862
7621 7721
6729 6730
7290 7390
7077 7078
6983 7083
409 509
5807 5907
4531 4631
8197 8198
3819 3820
6508 6509
6952 6953
1170 1270
7307 7308
8445 8545
1009 1010
8023 8024
9381 9481
1136 1137
8770 8870
7147 7148
727 728
520 521
2324 2325
5025 5125
6874 6875
6994 7094
1603 1604
3801 3901
4776 4777
8718 8818
3611 3711
1075 1076
1578 1678
2358 2458
8896 8897
287 288
9830 9930
4571 4671
8124 8224
7013 7014
6745 6845
9758 9759
7735 7736
3154 3155
435 535
1066 1166
6934 6935
4862 4962
1809 1810
1976 1977
7310 7410
3368 3369
1543 1544
4623 4624
7226 7227
9044 9045
8438 8439
9861 9862
782 882
5254 5255
2371 2471
184 185
4509 4510
715 716
2701 2702
2943 2944
8410 8510
3234 3235
2801 2901
5419 5519
2422 2423
7608 7708
1909 1910
8207 8307
6336 6337
7049 7149
1387 1388
2961 3061
1764 1765
1417 1517
7743 7744
4590 4591
4864 4865
7929 8029
9748 9749
7170 7270
5553 5554
8808 8809
5560 5660
7975 7976
1050 1150
9478 9578
4426 4526
4630 4730
805 905
2199 2200
7162 7262
6316 6416
7236 7336
9122 9222
7736 7836
2536 2537
1260 1360
7500 7600
9332 9432
3180 3280
6713 6813
797 798
504 604
8814 8815
1409 1410
9808 9809
8534 8535
2744 2745
6192 6193
8700 8800
3396 3397
4202 4302
48 49
7219 7319
506 507
3051 3151
1719 1720
6701 6702
6850 6950
3383 3483
2799 2800
974 1074
8992 8993
9577 9578
4451 4551
9891 9991
5351 5451
4484 4584
3467 3468
9363 9364
3762 3862
5494 5594
5036 5136
5482 5483
86 186
3373 3374
1686 1687
1800 1900
6559 6659
7965 7966
2451 2452
5716 5717
4370 4470
1290 1390
7083 7183
9746 9846
9186 9187
4662 4762
6494 6495
4610 4611
6107 6108
5022 5122
2013 2014
1075 1175
6743 6744
9031 9032
9719 9720
4697 4797
7678 7679
3595 3596
9433 9434
4477 4577
4087 4187
8594 8595
2199 2299
7945 8045
6480 6580
3852 3952
7505 7605
272 372
3194 3195
8677 8678
8501 8601
6357 6358
5698 5699
4282 4382
5043 5143
9160 9161
3725 3726
4363 4463
9895 9995
1882 1883
4561 4661
1414 1514
7565 7665
8007 8107
2162 2163
9320 9321
3077 3078
5531 5631
5958 5959
8716 8816
8218 8219
1662 1663
2999 3000
1268 1368
6395 6495
567 667
4320 4321
6331 6431
848 948
492 493
7001 7101
4175 4176
3832 3833
3721 3722
720 820
7502 7503
8838 8839
6799 6899
9725 9726
7 8
4361 4362
8474 8475
2730 2731
8952 9052
5574 5575
5926 5927
5105 5205
6217 6317
3783 3883
210 211
6210 6211
7838 7839
6206 6207
460 560
6841 6842
9546 9547
1266 1366
4755 4855
7052 7053
7159 7160
8251 8252
6740 6741
1839 1939
8439 8539
4118 4119
9181 9281
8151 8152
7354 7355
251 252
6627 6727
9716 9816
7987 7988
5580 5680
5349 5350
9412 9413
4298 4299
5498 5499
7016 7116
6810 6811
4195 4196
5996 6096
1522 1523
7755 7756
7087 7187
1058 1059
6027 6127
4762 4763
1035 1036
8845 8945
753 853
779 780
449 450
9949 9950
1354 1355
1001 1101
4682 4683
9366 9466
7153 7154
4875 4975
999 1000
3166 3266
3196 3197
5220 5320
6573 6574
2794 2795
1780 1781
9227 9228
8274 8275
8987 8988
94 194
7908 7909
3683 3684
3261 3262
3859 3959
3845 3846
7911 8011
439 440
1433 1533
2760 2761
3707 3807
4376 4377
8534 8634
5618 5619
6196 6296
2824 2924
5119 5219
6309 6409
9536 9537
8813 8814
8925 8926
7634 7734
6375 6376
9065 9165
767 867
2180 2280
3928 3929
5316 5317
5308 5309
4274 4374
7403 7503
5875 5975
9579 9580
59 159
1614 1714
1270 1370
6987 7087
8472 8473
8000 8100
5621 5721
6535 6536
5351 5352
6815 6915
9836 9936
8849 8949
1355 1356
4029 4030
6398 6399
4264 4265
5898 5998
4269 4369
1355 1455
5177 5277
3526 3527
7308 7408
2637 2737
2497 2498
7372 7472
3370 3470
2282 2382
5068 5168
8590 8591
7338 7438
7259 7359
2824 2825
7156 7157
8354 8454
1073 1173
4827 4927
2897 2898
2213 2313
5883 5884
8159 8259
3749 3750
736 737
7788 7789
2808 2908
8853 8854
1164 1264
5491 5591
6332 6432
8346 8446
5312 5412
8672 8772
5492 5592
3482 3483
2339 2340
6803 6903
8722 8723
6440 6540
5756 5757
4427 4428
6939 6940
2930 3030
9256 9356
561 562
7858 7958
4986 5086
8466 8467
3858 3958
8998 9098
7284 7285
4769 4869
4215 4216
2322 2323
8529 8629
8695 8795
4779 4780
9901 9902
6685 6686
8706 8707
9212 9213
5171 5271
7862 7863
96 97
660 661
5744 5844
3905 4005
5615 5715
2445 2545
5040 5041
4937 5037
8920 9020
7727 7728
4438 4538
577 677
4501 4502
1194 1195
3934 4034
1507 1508
9290 9390
617 717
1356 1456
4891 4892
7710 7711
8083 8084
9709 9809
5605 5705
3629 3729
3778 3779
8299 8300
42 43
1509 1609
6880 6980
6348 6349
9241 9242
7817 7818
6901 7001
4024 4025
6819 6820
8383 8384
1172 1272
5987 6087
1890 1990
1932 1933
8245 8246
5026 5126
5252 5253
4361 4461
3290 3390
4619 4620
2273 2373
5739 5740
7413 7513
8703 8803
5104 5204
2764 2864
6081 6181
1961 2061
7673 7674
1166 1167
6687 6787
9340 9440
1434 1534
2573 2673
9477 9577
3171 3172
4419 4420
4052 4152
6176 6276
2003 2103
3655 3656
2735 2835
4908 5008
1207 1307
7624 7625
2033 2034
5937 6037
5262 5362
3656 3657
8404 8405
1221 1222
9582 9682
8905 8906
7392 7393
2094 2194
8320 8321
491 591
9651 9652
8427 8527
7089 7090
8205 8305
7995 8095
3862 3863
8338 8339
5672 5772
8421 8422
3187 3287
5437 5537
3911 3912
2524 2624
3548 3549
454 554
1927 2027
6284 6285
8866 8966
4333 4433
5370 5470
4990 4991
7049 7050
2978 2979
3148 3149
930 1030
8282 8382
2795 2895
6660 6760
59 60
1749 1849
3819 3919
7886 7986
1518 1519
3917 4017
574 674
1439 1440
7085 7185
174 274
412 413
6989 7089
3784 3785
244 344
254 255
4393 4493
3965 3966
820 920
3395 3495
2357 2457
7762 7763
5290 5390
1162 1262
2735 2736
3867 3868
7529 7530
457 557
8484 8485
4171 4271
7922 7923
3404 3504
8196 8197
7074 7075
8089 8090
4819 4919
7092 7093
7775 7875
4300 4400
3874 3974
4148 4248
9188 9288
1542 1543
4750 4850
2540 2541
7374 7375
2474 2574
8032 8033
3353 3453
4446 4447
167 267
1317 1417
3959 4059
2335 2435
2009 2010
3695 3795
2645 2646
1889 1890
7368 7369
8595 8596
1943 2043
6443 6543
5692 5792
8119 8219
9733 9734
7199 7200
7035 7135
9630 9631
3583 3683
2331 2332
7040 7041
2326 2426
6780 6880
4407 4408
7830 7930
9586 9686
4089 4090
1655 1656
2001 2101
6581 6582
1985 2085
4184 4284
3059 3060
8301 8401
6771 6871
3988 3989
4085 4185
1887 1888
6861 6862
2977 2978
3369 3370
8930 8931
6915 6916
7854 7855
7850 7851
9585 9685
833 834
25 26
8411 8412
2932 3032
6450 6550
7818 7819
9177 9277
3548 3648
1178 1179
6579 6679
250 350
1373 1374
8918 8919
8284 8285
6564 6565
1819 1820
4156 4256
4827 4828
5497 5597
8560 8561
1029 1129
4284 4285
9830 9831
659 759
89 90
5109 5110
8223 8224
4297 4298
7281 7282
9620 9720
182 183
7449 7549
1394 1494
450 451
8186 8286
4507 4607
7664 7665
3208 3308
1337 1437
1452 1453
8643 8644
9678 9778
2254 2354
6283 6383
6859 6959
4128 4129
2365 2465
1571 1671
6470 6471
509 510
4259 4260
6004 6104
4384 4385
5950 6050
3168 3169
7110 7210
3416 3516
511 611
9110 9111
3381 3382
1494 1594
6345 6445
7273 7274
9315 9415
2494 2495
5695 5795
2516 2517
1244 1245
2973 2974
6 106
613 614
4262 4362
2141 2241
7782 7882
588 589
7300 7400
6180 6280
2114 2214
6583 6683
8829 8929
6654 6655
5838 5839
4798 4898
2144 2145
1826 1926
3144 3244
9403 9503
1000 1100
2876 2877
3759 3859
8553 8554
2894 2895
3071 3171
5145 5146
8271 8371
6873 6874
9562 9563
5762 5763
8139 8239
933 1033
4962 5062
6029 6030
2577 2578
5415 5515
7326 7426
9616 9617
3528 3529
1894 1994
8122 8123
6358 6458
1910 1911
6673 6674
5247 5248
7644 7744
5241 5242
8308 8309
9194 9195
6013 6113
9343 9443
278 279
6844 6845
4037 4137
3511 3611
5521 5522
3843 3844
7009 7010
6881 6882
3386 3387
8989 8990
2130 2230
4345 4445
8938 9038
8525 8625
9464 9465
1226 1227
1236 1336
5963 5964
1291 1292
2237 2337
172 173
7053 7054
6534 6535
774 775
3248 3348
4032 4132
5942 6042
901 1001
783 883
902 1002
9828 9928
359 459
5303 5403
1453 1553
7089 7189
3191 3192
9496 9497
6510 6511
246 346
5812 5813
6571 6671
5631 5632
5189 5190
1249 1250
6606 6706
3115 3116
405 505
8220 8320
5364 5365
8004 8104
2843 2943
1502 1602
4284 4384
6019 6020
2314 2315
311 312
6438 6538
6985 6986
2669 2670
6634 6635
618 619
7291 7391
3083 3084
7298 7398
4836 4936
8522 8523
8532 8632
4008 4009
4243 4343
1953 1954
4948 5048
7529 7629
8540 8541
5321 5322
8435 8535
990 991
5511 5512
7882 7883
8405 8505
6876 6877
3563 3663
4306 4307
9820 9821
2404 2405
7575 7675
1760 1860
4856 4956
6474 6475
3936 3937
1712 1812
8888 8889
1615 1715
9123 9223
1005 1006
3712 3713
2668 2669
8895 8896
7338 7339
7604 7704
850 950
3488 3588
7032 7033
989 1089
6040 6140
378 478
7462 7463
1384 1385
4731 4732
3989 3990
5990 5991
1387 1487
8576 8577
8326 8426
4125 4225
7131 7132
7812 7912
8554 8654
7533 7534
338 339
55 155
2248 2249
3179 3279
9036 9037
4208 4209
9595 9695
8142 8242
31 32
4177 4178
4824 4924
9681 9682
5185 5285
6173 6273
5070 5170
9749 9849
7470 7471
589 590
7571 7671
7587 7687
1499 1500
1789 1889
6803 6804
2074 2174
1336 1337
7506 7507
1123 1223
2768 2868
2588 2589
9738 9838
6979 7079
4110 4210
7747 7847
7218 7318
3824 3825
7474 7574
1196 1197
3001 3002
3692 3792
4728 4729
9237 9337
951 952
4295 4395
4021 4022
5965 6065
1523 1524
3522 3622
9011 9111
2004 2005
8275 8375
8673 8674
7970 8070
6376 6476
8915 8916
1286 1287
8462 8562
4263 4363
8840 8940
5666 5766
2623 2723
4248 4249
9916 9917
3465 3565
8957 8958
7041 7042
9467 9468
867 967
7152 7252
4621 4721
7430 7530
5058 5158
1563 1663
9238 9239
5852 5853
4661 4761
8787 8887
9741 9742
5056 5156
218 318
2957 2958
9606 9706
7893 7993
4039 4040
8085 8185
6201 6301
4550 4650
3509 3609
811 911
7968 8068
4988 4989
3140 3240
7821 7921
8277 8278
2087 2187
6472 6572
7422 7522
7346 7446
7142 7242
6749 6750
2866 2867
4312 4313
3961 3962
6318 6418
3573 3574
6208 6209
962 963
1179 1180
9167 9168
8556 8656
1764 1864
5544 5545
8968 8969
9020 9120
6951 6952
4344 4444
5665 5765
4940 4941
2060 2160
4614 4615
2270 2370
5163 5263
107 108
5556 5557
4452 4453
1160 1161
5428 5429
6491 6492
8259 8359
6182 6183
5275 5276
5334 5434
665 666
2018 2118
4380 4480
2277 2278
1344 1444
3769 3869
8168 8268
3211 3311
2038 2138
5608 5708
866 867
1191 1291
9780 9880
1091 1092
7620 7720
2620 2621
7639 7640
8694 8695
3042 3043
3861 3961
9618 9619
6343 6344
2633 2634
7068 7168
8892 8992
3850 3950
5736 5737
4589 4689
345 445
791 891
4373 4374
3259 3260
8103 8203
7249 7250
3843 3943
2293 2294
981 982
6489 6490
8276 8277
3830 3831
7469 7470
5317 5318
5430 5530
9100 9200
5317 5417
3201 3301
8904 9004
9740 9741
1099 1199
5684 5685
2324 2424
9264 9364
9044 9144
7373 7473
8373 8374
3688 3689
2487 2587
3685 3785
7555 7556
2549 2649
7700 7800
4376 4476
9346 9446
2166 2266
863 864
8762 8862
3260 3360
8005 8105
2870 2871
4610 4710
5806 5807
7095 7195
5258 5358
5575 5675
4433 4434
8937 9037
6983 6984
7231 7331
1194 1294
9633 9733
3957 4057
6410 6510
1813 1814
4297 4397
6565 6665
3289 3290
4928 4929
1309 1409
5085 5185
721 722
8751 8752
167 168
88 188
8631 8632
7543 7544
407 408
6476 6477
6775 6875
6914 7014
1850 1950
5688 5788
6521 6522
7268 7269
7633 7634
1264 1265
9799 9800
4796 4896
872 972
7330 7331
5383 5483
9805 9905
458 459
9839 9939
2733 2734
7554 7555
3313 3413
7034 7134
7670 7671
7832 7932
1966 2066
7682 7683
6046 6146
2120 2220
9008 9108
4887 4987
5774 5775
6156 6256
1879 1880
5757 5857
6726 6826
5338 5438
7234 7334
8187 8287
2670 2671
1121 1122
146 246
313 413
2884 2984
2629 2729
4172 4272
6630 6631
6241 6242
4503 4603
5689 5789
3352 3353
9600 9700
3715 3815
6322 6422
1451 1551
7486 7586
3638 3639
4927 5027
7956 7957
1239 1240
8719 8819
8358 8458
9505 9605
1766 1767
7790 7890
3313 3314
1861 1862
3853 3953
4602 4702
1680 1780
7245 7246
5742 5743
8287 8288
7857 7957
3932 4032
6705 6706
1576 1577
2466 2467
2750 2751
3608 3708
2941 3041
6958 6959
2652 2752
9286 9386
8833 8933
6014 6114
7787 7887
2694 2794
6323 6423
588 688
3386 3486
4752 4753
5569 5669
5132 5232
102 103
6275 6375
4185 4285
7738 7838
7350 7351
3222 3223
3169 3170
8486 8586
1466 1566
2195 2196
7835 7935
6051 6151
5426 5427
7460 7560
5367 5467
8807 8808
9528 9628
9014 9114
2496 2497
3804 3904
9084 9184
3296 3396
5093 5193
3139 3239
9807 9907
4038 4138
2666 2766
4461 4462
2950 2951
636 736
9038 9138
631 731
3502 3602
9869 9870
3176 3177
7402 7403
1182 1183
9694 9794
5758 5759
280 281
4428 4429
2492 2592
8017 8117
9438 9439
3825 3925
4932 4933
226 326
4766 4767
3809 3909
9485 9585
542 642
5733 5833
6872 6972
3091 3191
7553 7653
4920 4921
4381 4481
9798 9799
2295 2296
4422 4423
8959 9059
8708 8808
2012 2112
4380 4381
5663 5664
594 595
3506 3606
7003 7103
2141 2142
2463 2464
5552 5652
3807 3907
6136 6137
3017 3018
6372 6373
712 713
4441 4442
7039 7040
7661 7662
368 369
8746 8747
465 565
9021 9022
138 139
1007 1008
7616 7617
646 746
2455 2555
8398 8399
9857 9957
8224 8225
3303 3304
6857 6957
9045 9046
4937 4938
4358 4359
4230 4330
2803 2804
7532 7533
8651 8652
6589 6590
1935 2035
7249 7349
4242 4342
4767 4867
894 994
9568 9569
6401 6402
819 820
7202 7302
2910 2911
5558 5658
3398 3399
5109 5209
3391 3392
4038 4039
6757 6857
7115 7215
1761 1762
5553 5653
607 707
1044 1144
4860 4960
3035 3036
9107 9207
3183 3283
4572 4573
9549 9649
4694 4695
1568 1668
5919 6019
3425 3525
7621 7622
2321 2421
6582 6682
148 248
9550 9650
4872 4873
8471 8571
1550 1650
3689 3789
6005 6105
7583 7683
2095 2096
9859 9959
6923 7023
47 147
3682 3782
3625 3626
3287 3387
630 631
2815 2915
3437 3438
9209 9309
5995 6095
6778 6779
6676 6677
7023 7024
4841 4941
3664 3764
4978 4979
4867 4868
4161 4261
1630 1730
6397 6497
6084 6085
1487 1488
969 1069
3392 3393
2153 2253
7714 7715
4688 4689
8720 8820
8624 8724
939 940
6227 6327
6439 6440
5739 5839
5889 5989
8928 8929
1626 1726
5968 6068
9278 9378
4956 4957
30 130
4935 5035
4368 4468
9274 9374
64 65
9082 9182
7393 7493
4504 4604
4554 4654
3656 3756
831 931
7877 7878
7046 7146
6228 6328
3977 4077
7626 7726
5290 5291
3161 3162
2147 2148
4411 4511
221 321
7225 7325
2630 2631
2631 2731
6391 6491
9803 9804
7986 7987
2612 2712
6776 6876
1753 1853
8793 8794
6709 6710
5479 5480
8850 8851
1984 2084
4245 4345
6085 6086
6359 6360
8973 9073
9233 9234
4178 4278
8796 8797
9292 9392
3810 3811
9802 9803
1689 1690
506 606
7439 7539
9897 9898
5657 5757
867 868
5683 5684
7978 8078
5577 5677
7728 7729
4250 4350
4921 5021
6363 6463
949 950
5545 5546
7546 7547
4984 4985
7744 7844
1816 1817
1828 1829
4059 4159
9540 9541
4562 4662
2080 2180
3087 3187
1915 2015
5560 5561
4938 5038
1135 1235
4678 4679
2416 2417
262 263
493 593
1529 1629
9328 9428
7517 7617
5343 5443
4194 4294
3831 3931
6878 6879
1873 1973
3443 3444
2975 2976
5564 5565
3852 3853
5029 5129
1336 1436
412 512
4774 4874
8877 8878
1302 1303
4454 4554
3674 3774
4731 4831
912 1012
23 123
9354 9355
9632 9633
1942 1943
1870 1970
1129 1229
8031 8131
1702 1802
1461 1561
9175 9176
3967 4067
7944 7945
3491 3492
7105 7205
2606 2706
4546 4547
4733 4734
5526 5527
5496 5497
452 552
3369 3469
1094 1194
7295 7296
4372 4472
882 883
6113 6213
1478 1578
1188 1288
6471 6571
9210 9310
5763 5863
6015 6115
5017 5117
4200 4300
5860 5960
8201 8301
7188 7189
944 945
3283 3284
7172 7272
4240 4340
5628 5728
9652 9653
7717 7817
6561 6661
7439 7440
9310 9410
4764 4765
1669 1670
1007 1107
5444 5544
6771 6772
6681 6781
8757 8758
6631 6731
2210 2211
8242 8243
6980 7080
763 764
7717 7718
6753 6754
7013 7113
1809 1909
3657 3757
6924 7024
1872 1972
4943 4944
110 111
8879 8979
170 171
6012 6013
6021 6022
6658 6758
374 375
3426 3427
7102 7103
2763 2764
139 239
1285 1286
1040 1140
6790 6890
293 294
7693 7793
8137 8237
8775 8875
7853 7854
4025 4026
711 712
7527 7627
1476 1576
9157 9257
5319 5419
4712 4812
6289 6290
3658 3758
9170 9171
6371 6372
3373 3473
6102 6202
8389 8489
7625 7725
3111 3211
1188 1189
8744 8844
6473 6474
764 864
9434 9534
1733 1734
7542 7642
311 411
4382 4383
444 445
2875 2975
8126 8127
6199 6200
9148 9149
3206 3207
3249 3250
7530 7531
4548 4648
743 744
4761 4861
913 914
5116 5216
2580 2680
1034 1134
5978 5979
3911 4011
6530 6630
8359 8360
3419 3519
9649 9749
7557 7657
9736 9737
2714 2715
2594 2595
1511 1611
290 291
6542 6642
322 323
3 4
7861 7862
8457 8458
2575 2576
6737 6837
6252 6253
6869 6969
3429 3529
849 850
9504 9505
3212 3213
8415 8416
1693 1793
837 937
2800 2900
3650 3750
518 519
379 479
2652 2653
2193 2293
2989 2990
5390 5391
6752 6753
5822 5922
9495 9595
547 548
5901 6001
3382 3383
4212 4213
8094 8095
1952 2052
2914 2915
4077 4078
5493 5593
7449 7450
5962 5963
1789 1790
5800 5900
4486 4487
2513 2514
7684 7685
4840 4841
3713 3714
5076 5176
1058 1158
758 858
2718 2818
6416 6417
3566 3567
2918 3018
1514 1614
4465 4565
9358 9359
467 567
401 501
7593 7594
9581 9681
1599 1600
4662 4663
5856 5857
9231 9232
5344 5444
1037 1038
9675 9775
3069 3070
2272 2273
3517 3617
4825 4925
2146 2147
9206 9207
552 652
4777 4877
3624 3625
8648 8649
2469 2569
8398 8498
2925 2926
357 358
292 392
9409 9509
4491 4492
1440 1540
1109 1209
3841 3941
1625 1626
1263 1363
3631 3632
4152 4153
6227 6228
4711 4712
4905 4906
8552 8652
509 609
9120 9220
6779 6780
1992 2092
3871 3971
8015 8016
5483 5484
6447 6448
9257 9258
2687 2688
8535 8635
1368 1369
1449 1450
4889 4890
2345 2346
9060 9160
8198 8298
4236 4336
7269 7369
3541 3641
5969 6069
2179 2180
3002 3003
1229 1329
9112 9113
134 135
2437 2537
3407 3408
9632 9732
5525 5526
3068 3069
5352 5353
2220 2221
5153 5253
7135 7235
6856 6857
8285 8286
7511 7611
6486 6487
2729 2829
6722 6822
7964 8064
9330 9331
2924 3024
8349 8449
1434 1435
9459 9460
472 572
9486 9586
8643 8743
3841 3842
7638 7738
9452 9453
8034 8134
9445 9545
7768 7868
7424 7425
6392 6492
7192 7292
4970 4971
1124 1125
648 748
5485 5486
9823 9824
1231 1232
1403 1503
4286 4386
8794 8795
9296 9297
5967 6067
5284 5285
6241 6341
789 790
7323 7423
2160 2260
661 761
1274 1275
2532 2533
1495 1496
7060 7061
9614 9615
8714 8715
1540 1640
7576 7676
7725 7825
6775 6776
7025 7026
1851 1951
7194 7195
5858 5958
8864 8964
8678 8778
4510 4511
2874 2974
4047 4048
4595 4695
1611 1711
2499 2500
4627 4727
4557 4558
7599 7600
5979 5980
2923 3023
6041 6042
1938 1939
1564 1565
1077 1078
3645 3646
9622 9722
5484 5584
8057 8157
5809 5909
2427 2527
7453 7454
3405 3505
7695 7696
8792 8793
2851 2852
2572 2672
2765 2766
7479 7480
8617 8618
8040 8140
4338 4339
2227 2327
4862 4863
6600 6700
5041 5141
857 858
9583 9584
7165 7265
5211 5311
3050 3150
626 726
4675 4775
1273 1274
1968 2068
6475 6575
6365 6465
3081 3181
7930 7931
9849 9850
5202 5203
6325 6326
7261 7361
3504 3505
9872 9873
2064 2065
6918 6919
3865 3866
8487 8587
6868 6968
9106 9206
4622 4623
9777 9778
7520 7521
3256 3257
2555 2556
8809 8810
6669 6670
9439 9539
2591 2691
3123 3124
6668 6768
2163 2164
4431 4432
4865 4965
1885 1985
5136 5137
8855 8955
5893 5894
5638 5738
7622 7623
5990 6090
3091 3092
761 762
54 55
2208 2209
1193 1194
9316 9416
703 803
7429 7529
4341 4441
8993 8994
2125 2225
3783 3784
7231 7232
2146 2246
6195 6196
794 795
355 356
3696 3697
3253 3254
102 202
9368 9468
3796 3797
8006 8106
7745 7746
9305 9405
4685 4686
8384 8385
7974 8074
3160 3260
3461 3462
61 62
2895 2896
6283 6284
4431 4531
2427 2428
7528 7628
2690 2790
3319 3419
7909 8009
334 434
2039 2040
4073 4173
5524 5525
949 1049
4455 4456
2434 2435
6436 6536
6023 6024
8608 8708
9389 9489
732 733
6834 6835
3450 3451
7834 7835
7337 7338
6356 6456
8460 8560
665 765
5652 5653
7573 7673
3533 3633
8705 8706
3503 3504
672 772
5981 6081
3671 3672
6691 6791
5842 5942
4293 4393
7084 7184
2258 2259
5843 5844
922 923
1675 1676
2758 2858
4162 4163
226 227
2633 2733
1859 1860
1290 1291
1131 1132
5627 5628
4173 4174
9555 9556
4359 4459
5417 5418
5886 5986
7878 7978
629 630
2586 2587
3275 3375
4736 4737
6380 6480
7857 7858
9565 9566
1468 1469
2332 2333
6173 6174
6961 7061
2442 2542
5246 5247
5302 5402
1683 1783
6902 7002
1214 1215
9019 9119
8592 8692
2391 2491
6938 6939
5197 5198
7375 7376
9543 9544
4524 4525
6594 6595
1695 1696
2015 2016
9187 9188
6322 6323
728 729
7382 7482
587 588
3269 3369
3351 3451
8488 8588
5253 5353
5376 5476
841 842
9879 9880
6618 6619
2211 2212
1462 1463
6171 6172
9532 9632
7931 7932
1279 1280
7719 7720
6270 6370
725 825
4049 4050
6986 6987
9475 9575
4118 4218
8954 8955
3899 3999
5871 5971
4440 4441
1529 1530
3649 3650
2996 3096
8547 8647
786 787
1872 1873
2106 2107
7653 7654
68 168
9691 9692
9875 9975
1841 1941
71 171
7472 7473
1403 1404
7828 7829
9102 9103
5718 5719
9719 9819
622 722
5586 5587
8428 8429
4896 4897
4543 4544
3901 3902
1021 1022
3598 3599
6320 6321
8661 8761
5177 5178
3767 3768
8294 8394
230 231
7151 7152
3805 3905
9480 9580
2816 2817
8974 9074
7379 7380
5110 5111
8140 8141
2012 2013
7354 7454
6810 6910
9597 9697
8724 8824
5912 6012
5044 5045
5510 5511
3424 3524
7063 7064
8871 8971
213 214
8025 8026
1074 1075
1120 1121
6563 6663
2893 2894
8716 8717
41 42
5401 5501
3580 3680
7554 7654
7155 7255
9236 9336
1452 1552
1292 1293
3512 3612
7883 7884
9520 9620
3962 3963
2725 2825
5462 5562
9035 9135
5467 5567
5199 5299
515 615
9383 9483
1960 2060
6760 6860
144 145
5686 5687
7610 7710
6533 6633
2350 2450
9139 9239
5261 5262
350 450
8088 8188
5057 5157
4907 4908
2687 2787
3281 3282
9652 9752
5728 5828
5187 5287
8789 8790
6703 6704
5167 5168
2377 2477
6965 6966
5436 5536
5235 5236
9603 9604
5301 5401
5559 5659
9174 9274
8236 8336
7451 7452
2755 2855
3370 3371
7018 7118
5909 5910
7613 7713
9476 9576
1153 1154
4969 4970
6187 6287
5561 5562
75 175
9385 9485
9355 9356
2257 2357
2891 2991
4190 4191
1881 1981
7264 7265
6688 6689
9042 9043
6459 6460
7545 7645
445 446
9085 9185
6518 6618
8798 8799
8524 8525
7507 7607
4082 4083
7865 7866
9262 9362
1848 1849
539 639
5985 6085
6706 6707
7615 7715
4435 4436
1902 2002
3699 3799
517 617
283 284
6461 6462
4114 4115
7534 7535
6818 6819
8131 8132
1517 1518
4345 4346
5890 5990
173 273
3499 3599
9190 9290
6851 6951
3908 4008
3890 3990
9116 9117
3761 3762
781 881
7177 7178
9455 9555
4758 4858
5299 5300
9407 9408
868 968
3589 3689
5833 5933
4256 4356
2428 2528
5678 5679
5792 5892
7984 7985
8641 8642
690 691
2712 2812
4672 4772
5778 5878
2554 2555
3244 3344
6065 6066
6119 6219
4576 4577
7918 8018
4167 4267
4245 4246
7612 7712
3090 3190
7915 7916
8490 8590
2632 2633
9521 9522
2895 2995
711 811
481 581
1428 1528
8666 8667
6580 6680
1703 1704
5618 5718
3512 3513
4317 4318
4469 4470
6104 6105
9351 9352
7466 7566
6366 6466
7094 7095
4786 4787
2875 2876
963 964
6781 6881
3592 3593
2013 2113
5098 5099
5871 5872
7537 7538
2995 2996
487 488
7193 7293
8321 8322
2902 2903
6662 6762
464 564
3935 4035
8964 9064
3447 3547
9059 9159
5978 6078
3040 3140
4045 4145
4489 4589
60 160
4854 4954
396 397
4355 4455
3459 3460
5348 5448
8604 8605
5840 5841
7327 7328
3312 3412
1427 1527
5175 5176
5815 5816
1189 1289
4413 4513
2611 2711
6049 6149
5123 5223
6148 6248
5451 5452
3188 3189
3754 3854
1197 1297
5447 5547
1883 1884
6625 6626
2279 2379
3376 3377
1682 1782
8458 8459
2218 2318
7833 7834
8629 8630
1704 1804
2982 3082
2259 2260
7250 7350
9509 9510
7420 7421
4529 4629
4122 4123
3451 3452
4145 4245
7794 7894
2505 2605
5634 5734
2359 2459
3279 3280
9721 9722
5265 5266
81 82
7920 8020
562 662
7268 7368
5468 5469
9869 9969
3346 3446
7667 7668
5730 5731
7454 7554
5415 5416
8507 8508
3475 3575
4802 4803
5659 5759
8629 8729
3206 3306
1670 1671
6858 6859
1015 1016
4709 4710
651 652
1994 1995
9176 9276
8587 8588
7545 7546
7129 7130
7522 7622
6842 6942
5972 5973
2475 2575
3720 3721
4064 4164
7127 7227
8954 9054
2363 2463
9784 9785
4189 4289
6787 6788
3145 3245
6407 6507
9108 9109
2967 3067
4080 4180
9162 9262
6282 6382
6142 6143
6469 6470
6630 6730
2194 2294
1962 2062
8013 8113
6868 6869
3043 3143
8851 8951
4693 4793
3151 3152
7512 7612
1179 1279
39 139
8425 8426
2922 2923
4539 4639
1457 1557
6764 6864
1085 1185
8333 8433
7267 7268
3771 3871
548 549
5373 5374
5421 5422
4411 4412
52 152
1531 1532
5207 5307
1339 1340
9572 9672
1275 1276
1103 1104
2786 2787
8912 9012
7278 7279
8536 8636
2926 2927
7433 7434
5692 5693
147 247
1184 1284
7659 7660
9079 9179
8180 8280
8747 8847
7774 7775
2732 2832
4481 4482
9779 9879
1342 1442
5864 5865
5950 5951
4017 4117
5981 5982
6431 6531
8280 8281
9158 9159
9585 9586
9101 9201
5154 5254
2087 2088
3012 3013
780 880
2450 2550
1535 1635
8858 8859
9554 9555
7641 7741
330 430
6523 6524
3964 4064
1987 2087
5297 5298
9365 9465
9823 9923
8654 8655
2257 2258
4734 4735
7258 7358
431 432
5909 6009
3745 3746
9610 9611
6047 6048
4313 4314
402 502
9037 9038
839 939
2059 2159
7561 7562
8889 8989
5719 5720
5241 5341
2508 2509
146 147
8761 8861
7323 7324
6817 6917
9874 9875
2411 2511
3344 3444
6782 6882
8635 8636
9563 9663
7376 7377
9391 9392
7096 7097
377 378
4748 4749
6058 6158
4129 4130
5803 5903
2504 2505
2422 2522
5605 5606
185 186
3959 3960
2598 2599
1705 1706
6502 6602
807 808
1423 1424
455 456
2830 2831
5591 5691
727 827
7726 7826
7120 7220
3265 3266
8571 8572
8291 8391
1010 1011
4395 4495
92 93
598 698
536 636
1085 1086
831 832
550 551
2143 2243
5747 5748
8046 8047
9902 9903
3643 3644
149 150
1496 1596
3085 3185
9039 9040
8446 8447
8508 8608
9363 9463
5227 5228
931 1031
4001 4101
5336 5436
2134 2234
1722 1723
9024 9124
2405 2505
2951 3051
1139 1140
7279 7379
4663 4664
5556 5656
8425 8525
7686 7786
1045 1145
456 556
7441 7442
5337 5437
9025 9026
3090 3091
3768 3868
6054 6154
6919 7019
5213 5214
5999 6099
9013 9014
3672 3673
7421 7521
7955 7956
6975 7075
4408 4409
7848 7849
3398 3498
241 341
5526 5626
227 228
4370 4371
7592 7593
573 574
1906 2006
3225 3226
7345 7445
5310 5410
3998 3999
3451 3551
7459 7559
6261 6361
9130 9230
815 915
7703 7704
1296 1396
5712 5713
1502 1503
2385 2386
717 718
981 1081
3621 3721
5590 5591
693 694
2878 2879
9376 9377
9665 9666
6124 6224
6133 6134
9816 9817
1310 1410
6914 6915
2397 2398
3372 3373
6204 6205
9007 9008
1836 1837
5783 5784
5984 5985
4142 4242
8899 8900
9755 9756
9131 9132
9408 9409
9668 9768
9397 9398
9689 9690
5259 5260
6956 7056
524 624
1430 1431
5877 5878
2771 2871
1445 1545
2370 2470
4535 4536
2110 2111
1492 1592
5283 5383
364 365
2395 2396
3114 3214
7634 7635
8665 8765
8601 8602
113 114
6910 7010
9307 9407
2328 2428
6051 6052
2393 2493
2155 2255
6866 6966
9706 9806
2601 2602
3549 3649
8572 8573
8699 8799
564 565
3393 3493
2252 2253
2904 3004
6305 6306
3010 3011
9579 9679
2037 2137
6735 6835
6295 6296
5697 5797
3121 3122
1773 1774
8576 8676
5743 5843
2955 2956
4013 4113
3143 3243
7162 7163
5488 5588
6748 6848
8969 9069
9711 9811
238 338
9317 9318
6674 6675
160 161
1638 1738
3557 3657
3604 3704
9322 9323
2579 2679
9907 9908
8444 8445
6109 6209
8062 8162
5668 5669
5590 5690
5530 5630
1786 1787
2942 2943
4994 5094
8542 8543
248 249
8382 8482
2417 2418
4321 4322
4113 4114
8028 8128
1518 1618
1497 1597
3799 3899
8263 8363
2183 2184
6833 6933
9553 9653
3771 3772
7461 7561
6898 6998
159 259
9598 9698
6492 6592
5423 5424
7644 7645
4211 4212
8097 8098
5952 5953
3514 3614
6429 6529
2935 3035
9947 9948
5988 6088
8243 8343
6107 6207
1918 1919
7656 7756
9305 9306
196 197
7906 7907
7008 7009
9183 9184
8106 8206
8279 8280
701 702
6797 6897
2778 2779
4151 4251
3001 3101
5571 5572
4811 4911
6286 6386
3077 3177
2038 2039
8397 8497
793 794
6153 6253
8773 8774
7131 7231
5823 5923
2447 2448
6557 6558
5031 5131
2618 2718
186 187
9026 9027
7682 7782
6356 6357
4063 4064
3380 3381
8558 8658
5787 5788
6063 6064
2521 2621
2173 2174
5803 5804
5991 5992
8215 8315
9081 9082
791 792
8640 8740
8229 8230
5519 5619
1901 1902
2595 2695
1006 1106
8525 8526
4816 4817
7212 7213
649 749
2136 2137
8255 8355
9804 9904
5305 5306
7274 7275
8179 8180
495 595
5404 5405
124 125
7196 7296
1159 1160
8084 8184
6301 6401
3923 3924
2102 2202
9976 9977
4023 4024
6040 6041
1443 1444
8481 8482
1826 1827
4010 4011
9999 10000
7999 8000
1056 1057
123 124
5100 5200
2396 2397
7412 7413
7619 7719
6130 6230
7466 7467
745 845
9488 9588
9337 9437
6304 6305
8545 8546
3349 3350
4467 4468
6830 6930
6733 6833
1494 1495
966 1066
199 299
1632 1633
7070 7071
8045 8046
7792 7793
9766 9767
5419 5420
5685 5785
4931 5031
967 968
6255 6355
6684 6685
1629 1630
4578 4579
1818 1918
8023 8123
1605 1606
5850 5851
2453 2454
9094 9095
2696 2796
9512 9513
2813 2814
3939 3940
5706 5806
3236 3336
1600 1700
8072 8172
9164 9165
3812 3813
6759 6760
8074 8174
5147 5148
911 912
7489 7490
8599 8699
6328 6329
1839 1840
9151 9152
32 33
3587 3687
8388 8488
2046 2047
4570 4571
2261 2361
7817 7917
3432 3433
2165 2265
5535 5635
8267 8268
7942 8042
2047 2048
4483 4484
986 987
2352 2452
7117 7217
9684 9784
7753 7853
2939 3039
2638 2639
4805 4905
56 57
3377 3477
3759 3760
1567 1568
1202 1302
4172 4173
502 503
7607 7707
7745 7845
5766 5866
2803 2903
8441 8541
8090 8091
8409 8509
8145 8146
5899 5900
4632 4732
4540 4541
380 480
6481 6482
2228 2229
6101 6201
8941 9041
8759 8760
1043 1143
9343 9344
955 956
597 598
8916 9016
2149 2150
6090 6091
6932 7032
3945 3946
4641 4642
6805 6905
549 649
1652 1653
9580 9581
8224 8324
9544 9545
6718 6719
3226 3326
9609 9610
9545 9546
1545 1546
686 786
1628 1728
1298 1398
5234 5334
7483 7484
8671 8672
792 892
1619 1719
8356 8357
7941 8041
7267 7367
175 275
1038 1138
340 341
7525 7625
8399 8499
4040 4041
7374 7474
1119 1219
1833 1834
3579 3679
5979 6079
1391 1491
5669 5769
7396 7496
6263 6264
3878 3978
9218 9318
229 329
4131 4231
4250 4251
5458 5459
5216 5316
2049 2149
1598 1599
5489 5589
3575 3675
5579 5580
1985 1986
4747 4748
5342 5343
1541 1641
187 188
3821 3822
9267 9268
3294 3295
3033 3034
7003 7004
8214 8215
5344 5345
288 388
5615 5616
8891 8892
7042 7043
8997 8998
3813 3913
2005 2105
7638 7639
9283 9284
4115 4215
282 382
540 541
3164 3165
6504 6505
7868 7968
3036 3136
4727 4827
8190 8290
5914 6014
2020 2021
2640 2740
7499 7500
4863 4864
7156 7256
5060 5160
6239 6339
3974 4074
2526 2527
8564 8565
2593 2693
266 267
4099 4100
8780 8880
8102 8202
9597 9598
8942 9042
6258 6259
7150 7151
2777 2778
3741 3841
2202 2203
6598 6698
4568 4569
1042 1043
2041 2141
6126 6127
1922 2022
4254 4354
1288 1388
2353 2453
759 859
5428 5528
21 22
494 594
428 528
7164 7264
7508 7608
8112 8113
7622 7722
5018 5118
5583 5584
9104 9204
3325 3326
7265 7266
4648 4649
9010 9011
7208 7308
7898 7998
7669 7769
1271 1371
6010 6011
6405 6505
7152 7153
287 387
2529 2530
2128 2129
937 938
7465 7466
778 779
8157 8158
4005 4006
8847 8947
2732 2733
1255 1355
8208 8209
7190 7191
8760 8860
2108 2208
7079 7179
1083 1084
117 118
9989 9990
7246 7346
4510 4610
3192 3193
1813 1913
3768 3769
294 295
2449 2549
1845 1846
7551 7552
4086 4186
7368 7468
9614 9714
8219 8220
3715 3716
6273 6373
7501 7601
2412 2413
6430 6431
2771 2772
8422 8522
2107 2207
9349 9449
7722 7822
2367 2368
7050 7051
9388 9488
5906 6006
1033 1133
7799 7899
285 385
8960 8961
4712 4713
8863 8864
8838 8938
8663 8763
1555 1655
5059 5159
7812 7813
5598 5599
2557 2558
632 732
8041 8141
4521 4621
6355 6356
6960 7060
6667 6668
2302 2303
993 994
9436 9536
4503 4504
7836 7936
5454 5554
9998 9999
5296 5396
2944 2945
978 1078
8087 8088
5660 5661
4124 4224
1246 1346
9114 9214
9713 9813
7536 7636
7166 7167
4667 4767
8799 8800
2626 2726
5819 5820
1528 1529
1636 1736
9795 9796
8379 8380
1137 1138
5122 5222
769 770
4096 4196
8731 8732
9522 9622
5747 5847
1583 1584
707 708
5260 5261
5611 5612
544 545
4838 4938
7826 7827
7020 7120
7488 7588
7888 7988
2418 2518
5184 5284
8271 8272
3226 3227
2115 2215
9590 9591
5081 5181
9723 9724
6946 7046
650 651
2069 2169
7983 8083
8148 8149
608 609
9553 9554
8407 8408
2276 2376
2858 2859
1871 1872
3536 3636
8114 8115
9878 9978
2231 2331
2241 2341
9742 9842
3572 3672
1568 1569
5645 5646
6614 6714
3086 3087
6163 6263
8767 8768
7296 7396
8182 8183
8451 8551
7957 8057
7929 7930
6828 6829
4464 4465
1560 1660
7939 7940
1825 1925
5898 5899
4809 4810
5033 5133
9360 9460
7425 7525
3298 3398
5731 5831
1755 1855
6539 6540
5713 5714
8779 8780
5959 5960
7252 7253
3891 3892
462 463
7688 7788
8177 8277
1384 1484
546 547
171 271
7104 7105
5985 5986
162 262
9610 9710
4845 4846
33 133
8676 8776
5407 5408
4492 4592
183 283
8813 8913
425 525
18 19
188 288
3960 4060
8943 9043
4184 4185
5375 5376
1742 1842
4718 4818
6779 6879
2340 2440
9271 9371
8022 8023
6904 7004
2655 2656
8972 9072
4069 4070
2076 2077
4537 4538
9377 9477
6984 7084
459 559
4498 4499
6929 6930
9711 9712
222 223
5360 5361
7946 7947
1694 1794
4779 4879
7383 7483
8852 8952
9378 9379
9361 9461
6360 6361
7406 7407
7843 7943
2465 2565
2235 2236
6648 6748
7818 7918
3424 3425
3717 3718
27 127
7588 7688
5052 5152
6770 6771
8666 8766
8231 8331
1666 1766
5348 5349
8301 8302
4721 4722
2027 2127
1644 1645
9672 9673
7370 7470
5477 5577
9966 9967
2119 2120
2246 2346
9053 9153
1902 1903
9850 9851
1050 1051
6774 6775
6029 6129
555 556
4088 4188
7128 7228
1836 1936
7514 7614
5853 5854
4359 4360
40 140
454 455
9252 9253
4961 4962
6737 6738
7428 7429
2372 2373
6135 6235
1269 1369
7185 7285
2575 2675
691 692
6951 7051
6308 6309
5495 5496
3109 3209
6133 6233
3953 4053
7768 7769
6347 6447
2448 2548
6281 6381
8043 8044
7972 8072
3501 3601
4239 4240
1370 1470
5726 5826
7367 7368
6146 6147
4064 4065
5386 5486
9228 9328
35 135
9265 9365
6490 6491
3193 3293
8733 8734
260 261
8837 8838
3916 4016
2334 2434
7065 7066
2981 3081
7822 7823
3630 3631
8307 8308
8745 8845
9068 9069
6607 6608
4900 5000
6403 6503
1935 1936
7527 7528
7247 7347
1365 1366
8030 8130
9409 9410
5921 5922
1687 1688
9739 9740
5554 5654
2566 2567
5436 5437
5863 5864
604 704
4387 4487
6232 6233
3740 3840
2508 2608
9881 9981
6135 6136
78 79
5745 5845
7864 7865
2654 2655
1967 2067
611 711
954 955
1467 1468
3739 3740
9339 9340
6609 6709
6499 6500
2546 2646
3855 3856
481 482
2784 2785
6603 6703
6223 6323
9751 9851
2776 2777
8631 8731
622 623
6278 6279
7932 8032
2234 2235
7353 7453
4838 4839
2026 2126
9275 9276
271 371
4358 4458
905 1005
5900 6000
9208 9308
8680 8780
2344 2345
2242 2342
6398 6498
3474 3574
4664 4764
6527 6627
1785 1885
3629 3630
7297 7298
2977 3077
1814 1815
793 893
9492 9493
6145 6146
9271 9272
7337 7437
67 167
8241 8341
3116 3117
601 701
1165 1265
3551 3651
2502 2503
6814 6815
4812 4813
9887 9888
4430 4530
3551 3552
8942 8943
9535 9635
1105 1205
502 602
5077 5078
954 1054
2048 2148
1294 1394
809 810
9333 9334
5506 5606
6037 6038
8324 8424
1862 1863
6817 6818
9016 9017
5762 5862
6119 6120
3301 3401
7740 7840
1796 1896
4315 4415
1324 1424
8048 8049
7925 8025
6959 6960
9243 9244
5548 5648
530 531
9255 9256
8963 9063
2292 2293
3677 3777
2512 2612
3127 3227
2793 2893
2548 2549
1679 1779
855 955
8553 8653
6054 6055
2469 2470
2615 2616
2861 2961
7450 7550
2319 2419
6290 6390
5559 5560
2040 2140
6280 6380
8839 8840
2863 2864
1143 1144
8297 8397
7043 7044
7872 7972
2905 3005
2642 2742
4190 4290
5839 5840
2399 2499
3827 3828
8345 8346
843 844
7487 7488
7776 7777
1183 1283
6990 6991
5289 5389
1558 1658
2014 2015
3075 3175
3877 3977
3390 3490
5438 5538
4270 4370
294 394
8895 8995
6062 6063
4252 4253
2222 2322
7426 7427
5239 5339
6591 6592
5339 5439
5924 6024
5169 5170
6513 6514
7570 7670
5488 5489
7208 7209
2440 2540
5388 5389
4320 4420
1651 1751
3826 3926
1272 1372
4061 4062
1417 1418
7674 7675
4046 4047
231 232
1793 1893
9505 9506
7937 8037
2968 3068
2139 2239
3086 3186
7261 7262
8851 8852
4180 4181
8124 8125
1997 2097
8340 8341
216 316
4696 4697
4534 4535
9024 9025
1591 1592
1663 1664
3114 3115
6807 6808
4504 4505
1402 1502
7789 7790
1363 1463
463 464
7731 7732
6078 6079
5204 5304
5988 5989
6146 6246
5274 5275
8035 8135
8305 8306
1958 2058
2285 2385
4147 4148
1926 1927
7321 7322
6097 6197
1358 1359
9721 9821
4095 4096
3324 3424
284 285
9174 9175
501 601
1562 1563
4426 4427
6482 6483
7067 7167
6577 6578
3920 3921
5067 5167
5568 5569
6642 6742
3704 3804
370 371
4879 4979
5600 5700
8570 8571
9636 9637
7197 7198
281 381
554 555
179 180
8089 8189
3518 3519
1584 1585
667 767
8134 8135
6746 6747
7044 7144
2032 2132
3800 3900
3527 3627
3942 4042
3265 3365
3034 3134
9845 9846
9892 9893
4173 4273
8517 8518
98 198
5970 6070
6937 6938
7293 7294
6359 6459
3671 3771
2239 2339
7090 7190
5361 5362
3693 3793
718 818
8606 8607
6736 6737
133 134
5064 5065
5837 5937
4406 4407
9154 9254
6620 6720
3015 3016
4209 4309
2037 2038
7849 7850
3691 3791
1913 1914
6713 6714
8416 8516
2142 2242
8791 8891
2759 2760
50 51
1051 1052
7560 7660
6977 6978
2483 2583
1035 1135
5255 5256
9204 9304
6174 6274
4512 4513
5661 5761
482 483
6699 6700
9186 9286
8944 8945
8484 8584
3946 4046
1857 1957
4209 4210
8641 8741
2062 2162
991 992
7471 7472
4858 4859
8296 8297
8874 8875
4512 4612
511 512
3032 3033
9881 9882
8604 8704
2366 2367
3038 3138
3791 3792
4277 4278
1216 1316
4387 4388
9718 9719
576 676
208 209
904 905
966 967
1691 1692
4166 4266
2806 2807
5676 5776
4508 4608
8341 8441
4342 4343
3996 4096
4947 4948
8118 8218
1982 1983
1082 1182
7463 7464
3736 3737
4348 4349
5700 5800
3756 3757
9992 9993
1064 1164
4741 4841
4229 4230
3085 3086
4094 4095
4137 4237
8200 8300
5703 5803
9735 9736
9033 9133
214 314
4636 4637
7665 7765
5968 5969
8538 8539
3806 3906
3210 3211
4357 4358
5450 5550
5395 5495
5130 5230
5075 5076
4445 4545
3943 3944
2293 2393
1899 1999
273 373
5362 5363
1858 1859
4923 5023
5926 6026
1226 1326
9457 9458
6453 6553
3266 3267
5215 5216
7009 7109
8676 8677
281 282
2062 2063
575 576
685 686
3620 3621
8665 8666
7635 7735
4163 4164
7778 7779
7001 7002
5989 6089
9993 9994
3985 3986
4188 4288
8977 8978
9159 9160
7729 7829
1687 1787
6657 6757
5458 5558
8430 8431
7725 7726
688 689
2677 2678
4929 4930
8651 8751
9014 9015
3637 3737
8564 8664
1808 1809
2477 2478
6885 6985
2550 2551
52 53
3995 3996
5012 5013
7007 7107
5765 5766
3901 4001
3335 3336
2547 2647
5601 5701
8606 8706
4660 4661
5218 5219
3906 4006
4745 4746
2029 2030
648 649
8006 8007
7777 7877
2478 2578
1196 1296
6020 6120
7286 7287
1183 1184
3979 4079
9584 9684
5497 5498
1957 1958
4371 4471
2341 2441
4771 4772
3220 3221
9838 9839
8997 9097
3224 3225
825 925
6599 6600
6098 6099
6201 6202
6672 6772
5967 5968
5435 5535
5980 6080
8922 9022
8189 8190
3815 3816
1549 1649
9291 9391
7914 7915
7723 7724
9811 9911
427 527
3324 3325
2490 2491
265 266
713 813
3763 3764
3546 3547
9631 9731
5680 5780
2937 3037
7574 7575
1269 1270
4681 4781
4220 4221
832 833
1486 1586
7672 7772
7508 7509
4792 4793
8443 8444
1778 1779
5734 5834
3764 3765
9885 9886
4278 4279
13 113
8512 8513
1727 1827
4665 4765
5885 5886
2729 2730
5883 5983
9219 9220
3478 3578
9722 9822
2583 2683
9767 9867
9692 9693
4199 4299
9193 9293
1030 1130
7306 7406
7960 8060
5050 5150
5573 5574
4062 4162
4637 4737
5916 6016
2837 2937
7632 7732
4535 4635
3533 3534
3344 3345
4772 4872
6969 7069
4377 4378
9351 9451
9183 9283
3588 3589
5331 5431
6619 6719
6171 6271
5588 5589
5818 5918
4890 4990
657 658
1551 1651
2743 2843
7611 7711
5773 5873
1917 2017
4170 4270
2975 3075
625 725
7709 7809
5298 5299
5256 5257
620 720
2045 2046
4855 4856
6444 6544
9521 9621
8136 8137
7938 7939
5250 5251
2459 2460
5097 5098
2189 2289
3937 3938
780 781
6801 6802
9087 9088
8495 8496
9817 9917
6942 7042
7702 7703
7138 7139
5148 5248
366 367
1324 1325
2339 2439
2821 2822
2077 2078
1718 1818
7856 7956
3468 3469
4659 4759
2317 2318
4923 4924
9688 9788
8181 8182
3423 3523
7569 7570
2835 2836
1381 1481
8890 8990
1164 1165
2156 2256
1598 1698
9873 9973
9226 9227
5074 5075
6097 6098
2404 2504
256 257
20 21
9627 9727
4505 4605
9560 9660
6560 6561
8270 8370
3304 3404
8348 8448
9643 9644
6781 6782
2795 2796
6562 6662
4487 4587
4101 4201
8703 8704
6016 6017
4194 4195
15 16
7233 7333
2420 2421
6721 6821
105 205
3818 3918
4444 4544
9283 9383
4346 4446
6189 6190
9036 9136
1833 1933
8926 8927
5994 6094
7515 7615
2065 2165
8510 8511
6338 6438
9979 9980
8999 9099
1180 1181
3565 3665
7410 7510
5720 5721
6181 6281
5193 5194
8115 8215
6653 6654
1316 1416
9212 9312
8265 8365
8742 8842
2454 2455
2728 2729
2673 2773
8268 8368
7410 7411
3849 3850
9444 9445
7890 7891
9520 9521
6435 6535
4207 4208
8008 8108
7507 7508
2698 2699
6876 6976
3422 3423
6148 6149
8014 8114
263 363
2507 2508
7609 7709
5139 5140
6691 6692
7503 7603
2746 2846
3067 3068
5727 5728
2590 2690
2408 2508
3278 3279
9123 9124
5532 5533
9880 9881
1623 1723
7539 7639
3291 3391
5835 5836
7579 7679
9468 9469
2668 2768
5183 5184
7732 7733
4362 4363
3396 3496
2782 2882
2027 2028
44 45
8218 8318
4005 4105
7614 7714
5521 5621
1275 1375
4011 4111
6682 6683
6629 6729
9712 9812
8786 8886
9609 9709
211 212
8955 9055
7512 7513
2605 2705
547 647
2320 2420
9325 9326
4574 4674
5745 5746
5318 5319
7149 7249
1830 1930
289 389
1986 1987
1828 1928
9018 9019
4523 4623
4726 4826
9456 9556
4954 5054
182 282
8188 8189
4089 4189
925 926
156 256
9846 9946
3276 3376
8286 8386
9288 9388
3030 3130
8168 8169
9227 9327
4030 4130
1715 1815
2945 2946
9060 9061
4031 4032
4526 4527
4542 4642
4646 4647
3245 3246
1569 1669
6709 6809
5166 5266
7598 7599
4407 4507
3349 3449
6654 6754
1332 1333
8759 8859
1585 1685
5786 5787
7357 7358
1145 1146
7845 7945
2754 2755
2184 2185
6149 6150
1003 1103
3908 3909
7763 7764
9865 9965
9380 9480
5543 5643
2251 2351
3417 3517
128 228
3446 3546
9030 9130
899 999
7676 7776
3026 3027
3952 4052
4340 4440
6724 6725
7952 8052
5090 5091
712 812
1136 1236
1953 2053
9293 9393
572 573
2151 2152
2612 2613
3999 4099
2709 2710
1838 1839
7165 7166
409 410
7604 7605
4401 4402
2044 2045
1110 1111
2878 2978
7905 8005
4562 4563
2891 2892
7030 7130
9094 9194
9941 9942
4810 4811
2556 2656
3625 3725
9519 9520
8909 8910
9623 9624
7294 7394
4502 4602
5897 5997
9923 9924
3056 3057
4418 4419
5671 5672
1228 1229
5267 5367
3214 3314
406 506
1009 1109
4171 4172
7610 7611
4590 4690
5620 5720
7600 7700
2446 2447
3255 3256
8155 8255
1209 1210
375 376
2462 2463
9185 9285
4700 4800
782 783
7482 7483
2430 2431
1305 1306
2701 2801
6505 6605
3203 3303
4508 4509
505 605
248 348
1034 1035
6844 6944
896 897
668 768
4942 5042
1798 1898
4175 4275
2810 2910
2679 2779
6026 6126
1590 1690
8223 8323
6857 6858
9386 9387
6126 6226
3108 3109
5119 5120
4861 4862
6751 6851
1299 1399
6444 6445
6777 6778
9650 9651
2789 2889
2245 2345
6718 6818
2030 2130
3950 4050
5884 5885
6259 6359
2906 3006
2335 2336
3505 3506
4983 4984
4997 4998
5973 6073
5427 5428
4139 4239
3391 3491
1067 1068
5582 5583
440 540
5264 5265
7379 7479
2907 2908
9938 9939
4565 4665
9302 9303
6421 6521
809 909
3321 3322
7539 7540
4486 4586
307 407
6531 6532
3410 3411
2090 2091
7960 7961
9899 9999
627 727
8634 8734
2044 2144
4344 4345
5931 5932
6954 7054
1984 1985
700 800
7160 7260
9034 9134
7558 7559
8712 8812
5862 5962
4121 4122
4154 4254
4963 4964
8378 8379
1655 1755
2121 2122
7310 7311
4133 4134
1763 1764
4161 4162
2923 2924
616 716
7441 7541
9657 9658
7609 7610
8273 8373
7948 7949
9760 9761
2843 2844
2387 2487
4232 4332
2849 2949
4466 4566
8581 8582
7240 7241
217 317
9489 9490
4853 4953
4065 4066
8278 8279
8166 8266
2350 2351
2430 2530
8758 8858
5073 5074
4257 4258
446 447
9144 9244
5460 5560
6582 6583
4554 4555
260 360
6708 6808
1330 1331
159 160
1729 1730
4290 4291
6558 6559
6123 6223
464 465
7855 7955
1593 1693
2052 2053
9392 9393
2263 2363
3553 3653
7322 7422
2570 2571
9313 9314
8639 8739
327 328
3618 3718
9529 9629
2529 2629
814 815
913 1013
310 410
7921 8021
3104 3105
4322 4323
7455 7456
4119 4120
4414 4514
6433 6533
8707 8708
4485 4585
5865 5866
9666 9667
9319 9419
5866 5867
397 398
9801 9901
7057 7058
5345 5445
7387 7487
779 879
4331 4431
4705 4805
9837 9838
1339 1439
304 404
2016 2116
1382 1383
8850 8950
1576 1676
1898 1998
9624 9724
4520 4521
1805 1806
1570 1670
2438 2439
6848 6948
6343 6443
4951 5051
2572 2573
4767 4768
5160 5161
5513 5514
3592 3692
2016 2017
2936 3036
7414 7514
4755 4756
5048 5049
6875 6876
8333 8334
9502 9503
6632 6633
1607 1707
9447 9448
1588 1688
8889 8890
6301 6302
9686 9786
8967 9067
6042 6043
3475 3476
8548 8549
7491 7591
8254 8255
8494 8495
1871 1971
42 142
3929 3930
331 332
7877 7977
5341 5441
6018 6019
1460 1461
8363 8364
1717 1718
2254 2255
5267 5268
9192 9193
6262 6362
2849 2850
2291 2391
5846 5847
3752 3852
5420 5421
2419 2519
6594 6694
3821 3921
7991 7992
7810 7910
9395 9396
5310 5311
9334 9434
726 826
5617 5618
4354 4454
403 503
7187 7287
2924 2925
419 519
7198 7199
5782 5783
1390 1391
4187 4287
3394 3395
5094 5095
9704 9705
9848 9948
6015 6016
8260 8261
5424 5524
2660 2760
8549 8550
4303 4304
8749 8849
8440 8441
1415 1416
2537 2538
3762 3763
5191 5192
5278 5378
9558 9658
3045 3046
5959 6059
2171 2172
8672 8673
4940 5040
4471 4571
3432 3532
4994 4995
7563 7564
4719 4819
3199 3200
7814 7815
7492 7493
1637 1737
846 847
1908 2008
8773 8873
1361 1461
8228 8328
8995 9095
3975 4075
2788 2888
77 177
9797 9798
522 523
2439 2539
261 262
4253 4254
8902 9002
5408 5508
4618 4718
9800 9900
7765 7865
473 474
6995 6996
4714 4814
4124 4125
914 915
8898 8899
7640 7740
4919 4920
1063 1163
7445 7446
2238 2239
3314 3315
9171 9172
972 1072
5693 5694
4429 4529
9390 9490
7752 7852
3696 3796
8287 8387
7974 7975
5087 5187
8047 8048
1352 1353
8979 9079
8461 8561
4968 5068
986 1086
4106 4107
6616 6716
3513 3613
9513 9514
1455 1456
320 420
5469 5569
2093 2094
6906 7006
8236 8237
3354 3355
2990 3090
5183 5283
9148 9248
5115 5116
9733 9833
2070 2071
5118 5119
4689 4690
6849 6949
542 543
4134 4135
8861 8862
6157 6158
7370 7371
69 70
5644 5744
9640 9740
5970 5971
9191 9192
9704 9804
1925 2025
5870 5871
6529 6530
1941 2041
2320 2321
7572 7573
9467 9567
9770 9870
1246 1247
2710 2711
4606 4607
1876 1976
8153 8253
2389 2390
9229 9329
5992 6092
9026 9126
5882 5982
3401 3402
7263 7363
6698 6798
3456 3556
279 379
8557 8657
6965 7065
3485 3486
2883 2983
592 692
5907 6007
3268 3269
7629 7729
1475 1575
3431 3432
1565 1566
3519 3619
5182 5282
1322 1422
3128 3129
2452 2453
1060 1160
5191 5291
3302 3303
5327 5427
8674 8774
3368 3468
1002 1102
3177 3277
948 949
1396 1397
1507 1607
7618 7718
4653 4654
2083 2183
6064 6164
7474 7475
8921 9021
2718 2719
4495 4496
4915 5015
2115 2116
3378 3478
8846 8847
3106 3206
4395 4396
303 304
7285 7286
2927 3027
7438 7439
3185 3186
3885 3985
6745 6746
2113 2213
4246 4247
1247 1347
7460 7461
7330 7430
4459 4559
2870 2970
7160 7161
4973 4974
1855 1856
5621 5622
4393 4394
7825 7925
4746 4846
1750 1850
9951 9952
7897 7898
8283 8383
5385 5386
5795 5895
3743 3843
2992 3092
3434 3435
8125 8126
1798 1799
3779 3879
3834 3934
8734 8735
3732 3832
5024 5025
5660 5760
4981 5081
4496 4497
4146 4246
7647 7747
9759 9760
8072 8073
3178 3278
6791 6891
5597 5697
4787 4887
695 795
3889 3989
6138 6139
1741 1742
5589 5590
754 854
4679 4680
719 819
5068 5069
6435 6436
7335 7336
6228 6229
854 855
2522 2622
3239 3339
4703 4704
4067 4167
8633 8733
7246 7247
9495 9496
8121 8221
1726 1727
6758 6858
9321 9421
2847 2848
7936 8036
7178 7278
7362 7363
5246 5346
3708 3709
7948 8048
4886 4986
7125 7225
4652 4653
7969 8069
1893 1894
5910 6010
9273 9373
965 1065
4448 4449
965 966
3436 3536
3637 3638
1468 1568
8424 8425
5035 5135
8608 8609
516 616
614 714
9984 9985
8807 8907
7221 7321
8456 8457
1707 1807
6150 6250
8036 8037
6812 6813
5895 5896
1724 1725
8737 8837
3029 3030
8077 8078
6511 6611
254 354
6835 6935
924 925
1782 1882
7628 7629
8762 8763
5242 5342
4693 4694
1088 1089
9362 9462
8210 8211
4203 4303
7983 7984
1844 1944
7459 7460
8623 8624
387 487
5781 5881
6110 6210
476 477
6315 6316
2495 2496
3046 3146
8523 8623
818 819
3758 3858
7016 7017
2177 2178
647 648
2581 2681
9115 9215
6583 6584
9170 9270
1444 1445
9284 9285
7976 8076
5391 5392
7811 7911
5037 5137
1141 1142
1149 1249
896 996
6428 6528
6514 6614
3017 3117
3441 3442
9061 9062
2614 2714
132 133
4484 4485
8068 8168
2892 2992
3278 3378
5180 5280
165 265
1776 1777
9640 9641
7705 7706
1029 1030
9728 9828
8088 8089
3207 3208
3980 4080
9443 9444
5833 5834
4891 4991
5609 5709
8010 8110
9882 9982
9893 9993
5649 5650
5295 5395
4695 4696
1311 1411
7207 7208
5040 5140
4974 5074
1878 1879
3006 3106
4206 4207
5820 5920
3023 3024
3473 3573
1856 1857
2446 2546
7244 7245
8497 8498
8593 8594
7427 7428
5511 5611
659 660
3286 3287
699 700
4235 4335
6866 6867
1204 1304
9835 9836
5819 5919
8270 8271
7275 7276
1794 1795
402 403
2820 2920
3786 3787
2381 2382
8530 8630
8582 8583
3450 3550
2436 2437
5632 5732
249 349
2791 2792
9702 9703
4227 4228
455 555
796 896
886 887
8076 8077
6730 6830
4218 4318
3708 3808
5092 5192
589 689
938 1038
3684 3685
4150 4151
4343 4443
8117 8118
207 307
1667 1767
2908 2909
7363 7463
5201 5301
2767 2768
8803 8903
1045 1046
2310 2410
4522 4622
7175 7176
545 645
1980 1981
6663 6763
6349 6350
6536 6537
8458 8558
5028 5128
692 693
4910 4911
2695 2696
8011 8111
4254 4255
5365 5366
8099 8199
1895 1896
8508 8509
6500 6600
7293 7393
408 409
3910 3911
7769 7770
3202 3203
6144 6145
1487 1587
641 642
1664 1665
7409 7410
3679 3680
33 34
7038 7138
35 36
2101 2201
1542 1642
742 743
5029 5030
4903 4904
8914 8915
3793 3893
9 109
4748 4848
7144 7244
425 426
1212 1213
5062 5162
9804 9805
3675 3676
4364 4365
2054 2055
3213 3214
4189 4190
7073 7173
4055 4056
7277 7278
5036 5037
9003 9004
4814 4914
8188 8288
3627 3628
3667 3668
7814 7914
2455 2456
8387 8388
6657 6658
8039 8040
7928 8028
1280 1380
5696 5796
6233 6234
7648 7748
3836 3936
6714 6715
104 105
8812 8813
931 932
4875 4876
1370 1371
8440 8540
5821 5822
5445 5446
6297 6397
4398 4498
8317 8417
4222 4322
7751 7851
5454 5455
223 323
753 754
1454 1554
8251 8351
1272 1273
2913 3013
8021 8022
7414 7415
3984 3985
2230 2330
2060 2061
6883 6983
422 423
5789 5889
6384 6484
4153 4154
4927 4928
4217 4218
2947 2948
6451 6551
8499 8500
302 402
634 635
6378 6478
2329 2429
5873 5973
8368 8369
9088 9188
384 484
9677 9678
4911 4912
9058 9059
6831 6832
2928 2929
243 244
6574 6575
273 274
1746 1846
8127 8227
5230 5231
2379 2380
1133 1134
4479 4480
356 456
2549 2550
7126 7226
1617 1618
2148 2248
8043 8143
6114 6214
5515 5615
3720 3820
5222 5223
3256 3356
7266 7366
5172 5272
9816 9916
1581 1582
9352 9353
116 216
7735 7835
6166 6266
3785 3885
9808 9908
3118 3218
3190 3290
3273 3274
1673 1674
9868 9869
4980 5080
8804 8904
7791 7891
8923 8924
6931 7031
785 885
2827 2828
426 427
2105 2106
6859 6860
1745 1845
7132 7133
3661 3761
7642 7643
7786 7787
9340 9341
12 13
5238 5239
3332 3333
6442 6443
5629 5630
7599 7699
8233 8234
2450 2451
3917 3918
9239 9240
5078 5178
8396 8496
8169 8269
180 280
9207 9208
5263 5363
103 203
3229 3230
1049 1050
1821 1921
2309 2310
6219 6220
7590 7690
9621 9622
4217 4317
4216 4217
7331 7431
3766 3767
9228 9229
9972 9973
9813 9913
3782 3882
7380 7381
7665 7666
7266 7267
5044 5144
9507 9607
5476 5576
3560 3660
4648 4748
3402 3502
9524 9525
9211 9311
1173 1174
8561 8661
1701 1801
2235 2335
4531 4532
5737 5738
881 981
1419 1519
1609 1709
475 575
324 325
4697 4698
6753 6853
4224 4324
6103 6203
5332 5432
7242 7342
9474 9574
7526 7626
8318 8319
7873 7973
7733 7734
1353 1354
6940 7040
7689 7789
7810 7811
1510 1610
2911 3011
1708 1709
5427 5527
8264 8364
380 381
6102 6103
4177 4277
5010 5110
5545 5645
7191 7192
3803 3903
8158 8159
8512 8612
21 121
4403 4404
9002 9003
7245 7345
4457 4557
2629 2630
7056 7156
9445 9446
4964 4965
8092 8093
7639 7739
4701 4801
1087 1088
4649 4749
8403 8404
6738 6838
3886 3986
6411 6412
9411 9412
411 511
3701 3702
5911 5912
4572 4672
4167 4168
2997 3097
7078 7079
4777 4778
1213 1313
3292 3392
4967 5067
8220 8221
5047 5147
1217 1218
3616 3617
2154 2254
7271 7272
8379 8479
9272 9273
3037 3137
7904 8004
9706 9707
2671 2771
214 215
5561 5661
9431 9432
1025 1125
6193 6194
8621 8721
1799 1800
2712 2713
9393 9493
6645 6745
3092 3093
5891 5991
817 917
9250 9251
7730 7731
5794 5894
9303 9304
218 219
9150 9250
8880 8980
8103 8104
5929 5930
8710 8711
3923 4023
5141 5241
3650 3651
5862 5863
3285 3286
3673 3674
9110 9210
8070 8170
9387 9388
8136 8236
4130 4230
6214 6215
7894 7895
7547 7548
7408 7508
4081 4181
243 343
634 734
9997 9998
8020 8120
5760 5860
225 325
880 881
8913 9013
3748 3749
1602 1702
8929 9029
8965 9065
3885 3886
6501 6601
6433 6434
9682 9782
7519 7520
8356 8456
2386 2486
8424 8524
37 137
4403 4503
8833 8834
1758 1858
3266 3366
6985 7085
857 957
7624 7724
6660 6661
3557 3558
2099 2199
7149 7150
3270 3370
8156 8157
1541 1542
3764 3864
8910 9010
6825 6925
3799 3800
8066 8067
4653 4753
6846 6847
7448 7548
878 978
1866 1867
7879 7880
2533 2633
9249 9349
2109 2110
7612 7613
6741 6742
1862 1962
1131 1231
6997 6998
5709 5710
9480 9481
9294 9394
4425 4525
8467 8468
5918 5919
8914 9014
8707 8807
5741 5742
1330 1430
3315 3316
5071 5072
2946 2947
5810 5910
6218 6318
6711 6712
6344 6345
8185 8186
51 151
2031 2131
4548 4549
8664 8764
1076 1176
6725 6825
8583 8683
6234 6235
5544 5644
5103 5104
5694 5695
3463 3563
301 401
1888 1889
3588 3688
9057 9058
3250 3350
5337 5338
4592 4692
5788 5888
8174 8175
6203 6204
1483 1484
1491 1591
5095 5096
6475 6476
6077 6078
3505 3605
5658 5659
4869 4870
4790 4791
2957 3057
3303 3403
2719 2720
9750 9850
7491 7492
8131 8231
7808 7809
8595 8695
5701 5801
3436 3437
6994 6995
446 546
9607 9707
2213 2214
4366 4367
6622 6722
9837 9937
9335 9435
1335 1336
4989 4990
8860 8861
2214 2314
2019 2020
6517 6617
4598 4698
4463 4464
1135 1136
8246 8346
8681 8781
6457 6458
4052 4053
9853 9854
7848 7948
7885 7985
3140 3141
8433 8434
5879 5880
6394 6494
1912 2012
4955 4956
7301 7401
2079 2179
1389 1390
4832 4932
2900 3000
4580 4581
5391 5491
865 866
3642 3643
9072 9172
8373 8473
2727 2728
6480 6481
6567 6568
508 509
3884 3984
8504 8604
705 805
73 173
8624 8625
861 961
7203 7303
2621 2721
1762 1862
1140 1240
6225 6226
6748 6749
6162 6262
9360 9361
8001 8101
6392 6393
9298 9398
202 302
363 463
5335 5336
4782 4882
920 921
1649 1749
3538 3638
3872 3972
4914 5014
1766 1866
9534 9634
4402 4502
4942 4943
8825 8826
6007 6107
7516 7517
1441 1541
7550 7551
2066 2067
1418 1518
2726 2826
8911 9011
605 705
7467 7468
1650 1750
4579 4580
600 700
8354 8355
1398 1498
9312 9412
5112 5113
8093 8094
4410 4510
3 103
5027 5028
7710 7810
9762 9763
4103 4203
6213 6313
8681 8682
7270 7271
3361 3461
7494 7495
5225 5325
1117 1217
904 1004
6466 6566
5854 5954
3318 3418
453 454
8739 8740
2515 2516
7643 7644
6512 6513
8784 8884
9062 9063
8750 8850
1501 1601
919 1019
1148 1248
5617 5717
4647 4747
8736 8737
5903 5904
295 395
5198 5298
3866 3966
8873 8874
1429 1529
7007 7008
4301 4401
543 544
197 297
8960 9060
9309 9409
6568 6668
1473 1474
1508 1608
9202 9203
2869 2870
7887 7888
8648 8748
2871 2872
9165 9166
2215 2315
6629 6630
1447 1448
9819 9820
7040 7140
817 818
8343 8344
7289 7290
6448 6449
6009 6109
387 388
1615 1616
4447 4448
6464 6465
7307 7407
7345 7346
738 739
7350 7450
4691 4692
1238 1239
9853 9953
8392 8393
5672 5673
9252 9352
3240 3241
6720 6820
3168 3268
4234 4334
7947 7948
444 544
5440 5540
5369 5370
49 50
3282 3382
3215 3216
2127 2128
9847 9848
521 522
3223 3323
5640 5740
1649 1650
3367 3368
5867 5868
2853 2953
7575 7576
2371 2372
7351 7352
62 63
6224 6225
9543 9643
5534 5535
5374 5474
733 833
9753 9853
6627 6628
3477 3577
1739 1839
2983 3083
7647 7648
3952 3953
6862 6863
6405 6406
8862 8863
4182 4183
173 174
1968 1969
3802 3803
4255 4355
7291 7292
6339 6439
6885 6886
8826 8926
3441 3541
9246 9346
7971 8071
9006 9106
4149 4249
7168 7169
5935 5936
3931 4031
2289 2389
3617 3717
4949 5049
4757 4758
4991 5091
3343 3443
124 224
5412 5413
8927 8928
198 199
143 144
6033 6133
7950 8050
490 491
9862 9962
9685 9686
3187 3188
4650 4750
2512 2513
532 632
835 836
2321 2322
5244 5245
6941 6942
2804 2904
1840 1940
2934 2935
8480 8580
1907 2007
8009 8010
7324 7424
9714 9715
9836 9837
4072 4073
5429 5529
5080 5180
3243 3244
4101 4102
7712 7713
9277 9278
834 934
5670 5671
635 636
4303 4403
760 860
9573 9574
596 597
1955 1956
5371 5471
995 1095
5474 5475
4515 4516
6596 6597
7377 7477
6406 6407
8715 8716
3120 3220
6901 6902
7701 7801
3563 3564
5735 5736
4757 4857
3101 3102
4270 4271
2096 2097
2024 2025
8079 8179
7793 7893
8625 8725
9658 9659
1369 1469
4352 4353
6114 6115
733 734
5669 5670
1068 1069
7663 7763
9324 9325
2426 2427
5305 5405
4433 4533
3619 3620
5396 5397
332 333
6649 6749
7993 8093
2867 2868
415 515
6487 6587
6008 6009
3403 3503
4902 5002
8082 8182
3524 3624
156 157
7932 7933
483 583
2246 2247
1052 1152
5906 5907
8882 8982
2042 2142
5681 5781
4296 4396
2579 2580
1187 1287
8141 8241
6881 6981
7244 7344
2389 2489
3055 3155
9410 9411
4273 4373
9205 9206
4560 4660
4958 5058
5407 5507
329 429
3379 3479
3603 3604
8078 8178
9289 9389
8052 8053
3261 3361
680 780
1396 1496
8312 8313
3198 3298
9957 9958
1850 1851
4613 4713
6552 6652
5580 5581
9098 9099
5662 5762
3816 3916
4666 4766
6235 6335
6400 6500
9225 9325
959 1059
155 156
7091 7191
8671 8771
6716 6717
852 952
6971 7071
4982 5082
2727 2827
9760 9860
7236 7237
2784 2884
8307 8407
1610 1710
2707 2807
3926 4026
7462 7562
878 879
9502 9602
5212 5312
5405 5406
2545 2546
7401 7402
2672 2673
7954 7955
87 88
4093 4094
4378 4478
58 158
9482 9483
6164 6165
4179 4180
4142 4143
5190 5191
4532 4632
1257 1357
8613 8614
3061 3161
4601 4602
2810 2811
8506 8507
7074 7174
2599 2600
9684 9685
890 990
8156 8256
1219 1319
9383 9384
9486 9487
2774 2874
1877 1878
8972 8973
5159 5259
1187 1188
8980 9080
1660 1661
4846 4946
9560 9561
7540 7640
3975 3976
701 801
4307 4308
2318 2418
3571 3671
6381 6382
6197 6297
3788 3888
2006 2106
5614 5615
9175 9275
7213 7214
5179 5180
3323 3423
1218 1219
3579 3580
1533 1534
1441 1442
4941 4942
4281 4381
2369 2370
3649 3749
5394 5395
3605 3705
9223 9323
2191 2192
3734 3735
1685 1686
4588 4688
6905 7005
181 281
7679 7779
9475 9476
158 159
8327 8328
1947 2047
3013 3113
3594 3595
7796 7896
2227 2228
7109 7209
4716 4816
7893 7894
4511 4512
2140 2141
9071 9072
906 1006
1797 1897
3790 3890
9678 9679
9891 9892
3171 3271
443 444
4442 4443
1868 1968
5447 5448
1540 1541
9779 9780
4686 4687
7713 7714
6974 6975
6651 6751
6723 6724
7488 7489
2821 2921
5452 5453
4795 4796
6789 6889
47 48
2413 2414
2179 2279
4667 4668
5323 5324
8123 8223
8723 8724
8868 8869
5475 5575
1470 1570
474 475
4623 4723
3254 3255
9359 9360
1245 1345
2608 2609
7879 7979
4516 4517
4027 4127
6497 6597
8815 8915
7388 7389
2739 2740
8143 8243
7099 7199
3469 3470
4329 4330
1622 1623
135 136
6824 6825
6408 6508
3632 3732
8250 8251
6491 6591
9857 9858
2780 2880
3060 3061
6420 6520
9761 9762
3251 3252
7254 7255
6688 6788
7314 7414
6793 6893
9841 9941
7235 7236
8847 8848
9874 9974
585 586
2907 3007
2855 2856
2889 2890
4710 4810
148 149
6142 6242
4573 4574
6782 6783
8957 9057
8170 8171
4163 4263
7334 7335
5980 5981
8533 8633
6375 6475
7816 7817
7303 7403
5356 5456
5670 5770
7561 7661
3134 3135
4401 4501
4925 5025
6746 6846
3103 3203
6266 6366
6092 6192
5509 5510
1817 1917
2519 2619
9454 9455
1436 1437
9 10
9038 9039
1303 1304
7525 7526
4188 4189
7782 7783
8982 9082
7154 7254
8137 8138
395 396
9263 9264
5491 5492
6295 6395
1834 1934
586 686
2731 2732
4990 5090
6742 6842
6039 6040
6735 6736
3132 3232
140 141
4876 4976
3868 3968
5424 5425
1073 1074
6680 6780
213 313
6286 6287
653 753
6829 6830
4618 4619
1488 1588
546 646
3479 3579
113 213
8713 8813
917 1017
7283 7284
2093 2193
3765 3766
1665 1666
541 641
3727 3827
2351 2352
277 377
9108 9208
3600 3700
6845 6846
7144 7145
5673 5773
8475 8575
8741 8841
3734 3834
2225 2325
3033 3133
8644 8645
887 987
798 799
7871 7872
8804 8805
1512 1612
7562 7563
8362 8363
1081 1082
4256 4257
5214 5215
5707 5708
9698 9699
3079 3080
1743 1843
6479 6579
4141 4241
8696 8796
1129 1130
7556 7656
4310 4410
6409 6509
4417 4418
5330 5331
9557 9657
1325 1425
7451 7551
3358 3359
6361 6461
9381 9382
8621 8622
6538 6638
8358 8359
3409 3410
1456 1457
3325 3425
2785 2786
1858 1958
6646 6647
5219 5220
2856 2956
9264 9265
9511 9512
8436 8536
2297 2298
7121 7122
3743 3744
2102 2103
9354 9454
1975 1976
8410 8411
5278 5279
672 673
1888 1988
4848 4948
9533 9534
5229 5230
8865 8965
8042 8043
6346 6446
7909 7910
7734 7834
2625 2626
4143 4243
4810 4910
2748 2848
719 720
1341 1342
4307 4407
7054 7154
3408 3508
7758 7759
3851 3951
9645 9646
2985 3085
541 542
1335 1435
2243 2244
2836 2936
5711 5811
5046 5146
2256 2257
1512 1513
3777 3778
8627 8727
3954 4054
9093 9094
5699 5700
2543 2544
80 81
2982 2983
9107 9108
8095 8195
8147 8148
1263 1264
6546 6547
5949 6049
7933 7934
8848 8849
6827 6927
1999 2000
7917 7918
3484 3485
5772 5773
6536 6636
4744 4844
7174 7175
4987 5087
3107 3207
5715 5815
4211 4311
3228 3229
9944 9945
2935 2936
6610 6611
3583 3584
9557 9558
6794 6795
6581 6681
1048 1049
2663 2664
8449 8450
6373 6473
9460 9461
2617 2618
720 721
7269 7270
8109 8110
6105 6106
2264 2265
1281 1381
43 44
704 804
233 333
8493 8494
7403 7404
317 417
2388 2488
8498 8598
2122 2222
7303 7304
9644 9744
1130 1131
950 1050
911 1011
8614 8615
3552 3553
9071 9171
9379 9380
9934 9935
5194 5195
7036 7136
6829 6929
1150 1151
9859 9860
3186 3286
708 709
3856 3956
6761 6762
8261 8361
1779 1780
8824 8924
8100 8200
6603 6604
7411 7511
5547 5647
91 92
4951 4952
8712 8713
4104 4204
8343 8443
2136 2236
9157 9158
6747 6847
407 507
984 985
3642 3742
2118 2218
9402 9403
332 432
2461 2462
956 957
2818 2819
6076 6077
3232 3332
2053 2054
8930 9030
8927 9027
8658 8758
934 935
7968 7969
5995 5996
2285 2286
3355 3455
6181 6182
7917 8017
4869 4969
899 900
2454 2554
1471 1571
1400 1500
842 843
9454 9554
2255 2355
5373 5473
1315 1316
4527 4627
3189 3289
8984 8985
7856 7857
551 651
6232 6332
828 829
9298 9299
9538 9638
5066 5166
8057 8058
9555 9655
2848 2849
2788 2789
6386 6387
6902 6903
1574 1674
9616 9716
2835 2935
15 115
3056 3156
5020 5021
8310 8311
8948 8949
9090 9190
4897 4997
5541 5641
8249 8349
4595 4596
6088 6089
2752 2852
423 424
4708 4808
9193 9194
3887 3987
9293 9294
812 813
5847 5947
9173 9174
242 243
6677 6678
5982 6082
4360 4361
9482 9582
2514 2614
8899 8999
8819 8820
145 245
7607 7608
7321 7421
64 164
2790 2890
2564 2565
6989 6990
368 468
6646 6746
4555 4556
6884 6885
5961 5962
223 224
3641 3741
1696 1796
739 740
4328 4428
9864 9865
1795 1895
1363 1364
123 223
3983 4083
3787 3887
863 963
1624 1625
4051 4052
6288 6289
8831 8832
4026 4126
1240 1241
2069 2070
8334 8434
2330 2331
604 605
2682 2683
7163 7164
1511 1512
4273 4274
2480 2580
353 354
4418 4518
6387 6388
3585 3685
9697 9698
8945 8946
8867 8967
3543 3544
1112 1212
9284 9384
4338 4438
7842 7843
1738 1838
2358 2359
5315 5415
8300 8400
2847 2947
6326 6327
1636 1637
874 875
4956 5056
4649 4650
7260 7261
3530 3531
9732 9832
4032 4033
9791 9891
4566 4666
9567 9568
4437 4438
3080 3081
270 370
3347 3447
362 363
9586 9587
4045 4046
4812 4912
7897 7997
7430 7431
4979 5079
2940 2941
7080 7081
8002 8003
6739 6740
2896 2897
3623 3624
4230 4231
5144 5145
4743 4843
9137 9237
6294 6295
603 703
3757 3857
4611 4612
6860 6960
8811 8812
2523 2623
6520 6620
4238 4338
351 451
2691 2791
631 632
2368 2468
778 878
7827 7927
9591 9592
7691 7791
9400 9500
6678 6778
5075 5175
1981 1982
3464 3465
6938 7038
8520 8620
8132 8232
9602 9603
645 745
772 872
1070 1170
9789 9889
5741 5841
5642 5643
3984 4084
1557 1558
4423 4523
4795 4895
7282 7382
7447 7448
8016 8017
1993 2093
1189 1190
2123 2223
3029 3129
4074 4075
4764 4864
392 492
4628 4728
3457 3557
5534 5634
2760 2860
7480 7580
8015 8115
8386 8486
379 380
5869 5870
9430 9530
1737 1738
6266 6267
5788 5789
5523 5524
8893 8894
7559 7560
2987 3087
2798 2898
9017 9117
2894 2994
5729 5730
6446 6447
8609 8610
7445 7545
4710 4711
7102 7202
9124 9224
9814 9815
4837 4838
3731 3732
5780 5880
4112 4212
1360 1460
1575 1576
391 392
9028 9128
3154 3254
7571 7572
6271 6371
479 480
3352 3452
107 207
8058 8059
310 311
7316 7416
1220 1221
3653 3753
5206 5207
6756 6856
405 406
6689 6690
326 327
8167 8267
3070 3071
7589 7590
5512 5612
964 965
1130 1230
5378 5379
9484 9485
9539 9540
4462 4463
6378 6379
1420 1421
4336 4337
891 991
3972 3973
5571 5671
1867 1868
5063 5163
6717 6718
4330 4430
1193 1293
6160 6260
5352 5452
9697 9797
3820 3821
8183 8283
2400 2500
1331 1332
9424 9524
9712 9713
9603 9703
5946 5947
3970 4070
5297 5397
8539 8540
6913 6914
8266 8267
895 995
84 85
819 919
8766 8767
7712 7812
1954 1955
3195 3196
9097 9098
4680 4780
3940 4040
8151 8251
1319 1320
7025 7125
2047 2147
8432 8532
8104 8105
1517 1617
6395 6396
6790 6791
4436 4437
7473 7474
8412 8512
3804 3805
6616 6617
3444 3544
5861 5961
777 877
4888 4889
133 233
9265 9266
2407 2408
234 334
3640 3740
1313 1413
5917 5918
5504 5505
5276 5376
5041 5042
4711 4811
4079 4080
6417 6418
1549 1550
9051 9052
4719 4720
7573 7574
6843 6943
2970 2971
5577 5578
4855 4955
8904 8905
4945 5045
7995 7996
4287 4288
7775 7776
2307 2308
3765 3865
1089 1090
2500 2600
8460 8461
7202 7203
4495 4595
2574 2575
9887 9987
3500 3600
4391 4491
3811 3812
4849 4850
3924 4024
8361 8362
2561 2661
3230 3231
2294 2394
1658 1758
2933 3033
3455 3456
6992 7092
5230 5330
8400 8500
9576 9676
1829 1929
885 886
6647 6747
5551 5552
4246 4346
8056 8156
4020 4021
335 435
9403 9404
6038 6138
5332 5333
5090 5190
68 69
3718 3818
2569 2669
8025 8125
6976 6977
3117 3118
3191 3291
8921 8922
8764 8765
8289 8290
7302 7402
3160 3161
4213 4313
9856 9956
924 1024
5186 5187
6406 6506
1781 1881
9309 9310
9150 9151
3646 3647
7204 7205
3757 3758
2742 2743
8254 8354
6367 6368
6895 6896
556 557
7227 7327
9503 9504
922 1022
9612 9613
6523 6623
3567 3667
3607 3707
2319 2320
1664 1764
879 979
3209 3309
9066 9067
1945 1946
1100 1200
3781 3881
8444 8544
983 1083
3130 3131
2236 2237
93 193
3568 3668
5441 5541
3985 4085
6764 6765
4905 5005
5389 5489
6153 6154
9437 9537
3216 3316
4449 4450
1973 1974
6248 6348
7115 7116
2368 2369
1419 1420
9625 9725
7033 7034
3357 3457
8185 8285
3521 3522
4604 4605
4786 4886
2962 2963
8493 8593
5098 5198
6712 6812
1898 1899
4913 4914
1983 1984
3194 3294
5461 5561
1999 2099
2084 2085
5704 5705
3858 3859
7950 7951
5838 5938
7643 7743
3141 3241
9765 9865
706 707
7256 7257
8618 8619
3359 3360
6313 6314
5133 5233
3792 3892
9469 9569
2863 2963
6826 6827
343 344
305 405
3297 3298
6464 6564
3694 3695
5513 5613
7930 8030
9218 9219
1595 1695
2661 2662
3268 3368
1642 1643
7615 7616
3452 3453
5079 5179
104 204
376 476
8135 8235
4903 5003
7556 7557
8901 9001
1422 1423
1237 1337
9091 9191
6099 6100
698 798
3836 3837
237 337
6825 6826
7053 7153
7472 7572
2240 2241
3724 3824
9977 9978
8706 8806
179 279
6774 6874
6945 7045
79 179
3101 3201
7564 7565
6622 6623
7629 7630
1720 1820
8958 8959
2137 2138
7927 7928
3846 3847
4687 4688
74 174
1375 1376
6701 6801
618 718
5106 5107
3561 3562
101 102
9199 9299
3598 3698
9626 9726
8476 8477
257 357
7394 7395
6045 6145
5934 6034
967 1067
6593 6693
7442 7542
2777 2877
9817 9818
7590 7591
9542 9642
9794 9894
6103 6104
3668 3768
9206 9306
9348 9349
635 735
4477 4478
6830 6831
3414 3514
2974 2975
253 254
1546 1646
6276 6277
8620 8720
4405 4505
5108 5109
5195 5295
7602 7702
7784 7884
9421 9422
2444 2544
4100 4200
1114 1214
5243 5343
5223 5323
129 229
3025 3125
4599 4699
8638 8738
8351 8451
6215 6315
1144 1244
1386 1486
4830 4930
9698 9798
9415 9416
2511 2512
4801 4901
5982 5983
9844 9845
3590 3591
8959 8960
9910 9911
7885 7886
9541 9641
9248 9348
5908 5909
3698 3798
6662 6663
5546 5646
160 260
8519 8619
9167 9267
7477 7478
4105 4106
9140 9141
4141 4142
2589 2689
5573 5673
955 1055
5234 5235
4318 4418
300 400
7840 7841
1604 1704
8875 8876
5465 5466
5304 5404
6396 6496
7195 7196
7544 7644
2619 2620
9384 9385
9333 9433
3944 4044
3254 3354
5608 5609
2265 2365
5703 5704
6995 7095
8244 8344
4042 4142
2323 2324
3479 3480
4721 4821
3016 3116
7899 7900
3939 4039
7805 7806
807 907
4770 4771
3180 3181
5358 5359
7597 7598
3513 3514
4880 4980
3760 3761
6093 6094
2472 2473
424 425
2466 2566
540 640
8322 8422
485 585
252 352
5520 5620
1733 1833
4974 4975
111 112
2245 2246
5380 5480
9537 9637
8268 8269
308 309
4736 4836
5840 5940
801 901
7894 7994
9914 9915
6416 6516
2531 2631
3181 3182
2183 2283
4459 4460
6474 6574
853 854
2582 2682
4996 4997
31 131
6725 6726
3652 3653
7620 7621
5811 5911
741 841
4264 4364
6571 6572
9326 9327
4090 4190
1679 1680
1559 1560
8240 8340
3676 3677
2574 2674
1208 1308
816 916
6070 6170
8645 8646
2560 2561
7253 7353
6949 7049
450 550
247 347
5570 5670
4705 4706
4950 5050
6059 6159
9119 9120
6141 6241
2408 2409
7953 7954
9437 9438
6867 6868
277 278
9292 9293
1609 1610
4769 4770
6246 6346
982 1082
6284 6384
4313 4413
7122 7123
8488 8489
2483 2484
4874 4875
7287 7387
7642 7742
8467 8567
7367 7467
4973 5073
9806 9807
869 969
6593 6594
4559 4560
8729 8829
7435 7535
7521 7621
7631 7632
2879 2979
7408 7409
7510 7610
3748 3848
1293 1294
7046 7047
3801 3802
7510 7511
9554 9654
1201 1301
7873 7874
6390 6490
8171 8271
1103 1203
8044 8144
4476 4477
2958 3058
7671 7672
7352 7353
8802 8803
401 402
8169 8170
3117 3217
4011 4012
2305 2306
6388 6389
3437 3537
2415 2515
5896 5897
4642 4643
5815 5915
7042 7142
6409 6410
7494 7594
2168 2169
7212 7312
4080 4081
1639 1739
8992 9092
8468 8469
833 933
8555 8556
6526 6626
1777 1877
8432 8433
2950 3050
1648 1649
8584 8585
8351 8352
1030 1031
8013 8014
7797 7798
5383 5384
8541 8641
6237 6238
1775 1875
8357 8358
8159 8160
6073 6074
8085 8086
9004 9104
9873 9874
1678 1778
2205 2206
8578 8579
4549 4550
5009 5010
5872 5972
1241 1242
3214 3215
4164 4264
1101 1201
7148 7149
2385 2485
9296 9396
5614 5714
9159 9259
354 454
7237 7337
3480 3481
4856 4857
4732 4733
1962 1963
3161 3261
7846 7847
7691 7692
4968 4969
7110 7111
8347 8348
7874 7974
4778 4779
7314 7315
6578 6678
3991 3992
9128 9129
783 784
9097 9197
3636 3637
9759 9859
6750 6751
225 226
5726 5727
9203 9303
2527 2627
4526 4626
1674 1675
2182 2183
8459 8460
7010 7011
5405 5505
8736 8836
8329 8330
9617 9618
389 489
683 783
4878 4978
6955 7055
7139 7140
2609 2709
1102 1202
8866 8867
4664 4665
2834 2934
193 293
5706 5707
8599 8600
7981 8081
3909 4009
1157 1257
888 889
4006 4106
8717 8817
5096 5196
4918 4919
3213 3313
4409 4410
5598 5698
4467 4567
3483 3583
4385 4386
1612 1613
7029 7129
7988 7989
8646 8746
315 415
5437 5438
3445 3446
3926 3927
5919 5920
9311 9411
7674 7774
2390 2391
7182 7183
4428 4528
2318 2319
3566 3666
3780 3880
8581 8681
7288 7289
84 184
4033 4034
3604 3605
7289 7389
228 229
5829 5929
448 548
858 859
2058 2158
5298 5398
2794 2894
1731 1732
8371 8372
7655 7755
2072 2073
9301 9302
7652 7752
9819 9919
1620 1621
1174 1274
9473 9474
6168 6268
9701 9702
9855 9955
4603 4604
5346 5347
7498 7598
357 457
7468 7469
4547 4647
5330 5430
8737 8738
6258 6358
1803 1903
8066 8166
3969 3970
7004 7005
5374 5375
2541 2641
8974 8975
3539 3540
5802 5902
249 250
3670 3671
8834 8934
3103 3104
2050 2150
8557 8558
3380 3480
4617 4717
8228 8229
5292 5392
9590 9690
416 516
3773 3774
6089 6090
5034 5035
176 276
7045 7145
4579 4679
1028 1128
3558 3658
2649 2650
5902 6002
4280 4281
6791 6792
4330 4331
6773 6774
7503 7504
5139 5239
9962 9963
7994 8094
4909 4910
7764 7765
5181 5281
1086 1087
8632 8732
5987 5988
7443 7543
5433 5533
8802 8902
9141 9142
6702 6703
5910 5911
2026 2027
9041 9042
8084 8085
26 126
6180 6181
5459 5559
569 570
9173 9273
5341 5342
5717 5718
4961 5061
3221 3222
8862 8962
6100 6200
985 1085
8420 8421
1587 1687
7606 7607
9969 9970
799 899
4135 4235
3487 3488
2697 2797
1721 1821
1121 1221
6893 6993
4879 4880
4366 4466
3523 3623
3651 3751
5976 5977
9339 9439
6911 6912
4933 4934
4015 4115
3520 3620
4016 4017
8690 8790
5188 5288
1603 1703
354 355
9462 9463
6163 6164
6637 6638
4533 4633
5505 5506
3571 3572
2902 3002
1380 1480
8777 8877
1582 1682
2872 2972
9323 9324
507 508
4525 4526
8570 8670
259 359
4528 4628
5053 5054
4917 5017
9534 9535
6393 6493
2333 2334
1631 1632
7026 7126
5671 5771
6106 6206
1678 1679
7773 7873
5704 5804
8483 8484
1053 1054
2207 2208
7832 7833
239 339
9037 9137
1416 1516
5749 5849
9392 9492
2034 2134
2023 2123
9366 9367
5478 5578
8011 8012
9091 9092
1801 1901
4276 4277
1069 1070
1317 1318
5199 5200
4966 4967
1751 1851
3883 3983
9450 9451
1297 1397
7739 7740
5537 5538
8507 8607
3030 3031
4597 4598
8464 8465
1364 1464
9724 9725
9331 9332
8048 8148
5679 5779
696 796
7381 7481
8550 8551
5691 5791
993 1093
2659 2759
528 628
6231 6331
2952 3052
2068 2069
8876 8976
1884 1885
5172 5173
3949 3950
8597 8697
4117 4217
5329 5429
4493 4494
9574 9575
686 687
318 418
5596 5696
1610 1611
5102 5202
7097 7098
6839 6939
1005 1105
5237 5337
3406 3407
453 553
788 789
934 1034
1282 1382
1248 1249
4560 4561
9646 9647
359 360
8138 8238
5938 5939
2474 2475
7359 7459
2154 2155
6670 6671
7497 7498
9324 9424
7393 7394
5382 5482
6855 6955
9568 9668
1054 1055
53 153
417 418
1934 2034
8174 8274
1449 1549
4588 4589
4293 4294
9418 9518
7804 7805
9251 9351
489 490
5686 5786
1712 1713
958 959
6747 6748
8062 8063
7829 7929
8106 8107
1374 1474
9917 9918
8133 8134
4108 4109
8163 8164
5205 5206
5929 6029
9156 9157
6329 6330
9868 9968
821 921
472 473
1710 1810
4894 4895
8065 8066
4971 4972
9047 9048
9112 9212
1296 1297
8275 8276
2706 2806
2130 2131
3996 3997
6361 6362
8976 9076
7191 7291
6873 6973
3113 3213
3944 3945
2563 2564
8975 8976
7448 7449
6550 6650
8489 8589
4079 4179
7598 7698
9773 9774
8885 8985
1647 1747
9683 9684
9142 9242
1807 1808
8883 8983
2207 2307
9122 9123
6640 6641
4848 4849
9707 9708
1711 1712
3881 3981
7427 7527
7752 7753
3130 3230
2814 2914
7677 7678
2360 2460
4938 4939
4472 4473
3446 3447
3230 3330
7659 7759
3935 3936
9536 9636
7716 7717
8933 8934
9056 9156
3721 3821
7823 7923
1036 1136
7746 7747
4716 4717
670 671
7551 7651
6053 6153
6912 6913
20 120
4473 4573
2097 2098
535 536
2960 2961
3343 3344
6028 6128
8792 8892
6690 6790
2317 2417
738 838
6046 6047
2196 2197
1107 1207
3290 3291
8117 8217
7880 7980
6728 6729
5325 5326
6293 6393
4578 4678
2432 2532
3660 3661
4818 4819
5711 5712
7582 7583
5363 5463
2468 2469
1580 1680
8413 8414
5945 5946
2766 2866
3218 3219
8063 8064
5245 5246
1707 1708
5107 5207
2594 2694
1250 1251
6158 6258
430 530
5770 5771
6731 6732
669 670
1794 1894
4266 4366
4152 4252
759 760
6961 6962
6847 6848
9253 9353
961 962
2219 2220
826 827
4659 4660
6731 6831
2414 2415
4639 4640
6963 6964
9262 9263
2487 2488
7148 7248
5930 6030
7986 8086
5086 5087
7677 7777
4434 4435
6942 6943
8808 8908
9525 9526
2947 3047
7332 7432
3543 3643
723 823
6883 6884
5587 5588
4450 4550
4421 4521
9726 9727
7465 7565
7220 7221
2233 2333
8876 8877
2348 2448
1513 1514
593 594
3612 3613
1948 2048
3550 3650
7199 7299
585 685
8691 8791
2925 3025
6974 7074
4375 4475
94 95
2299 2399
7654 7655
6379 6479
9208 9209
5489 5490
1522 1622
8640 8641
8483 8583
8116 8117
6624 6724
9548 9648
5156 5157
3420 3421
6590 6690
1255 1256
2459 2559
2674 2675
9604 9605
2524 2525
5549 5550
2813 2913
3873 3973
9413 9513
2346 2446
4305 4306
718 719
9269 9270
4304 4305
8082 8083
3632 3633
6411 6511
1845 1945
4306 4406
4907 5007
5231 5232
9083 9183
3381 3481
5824 5924
3374 3375
2883 2884
7130 7230
3666 3766
5764 5864
4086 4087
3329 3330
4302 4402
1618 1718
9224 9324
1656 1756
4616 4716
8782 8882
6104 6204
6220 6320
9849 9949
9353 9354
8192 8193
5186 5286
5053 5153
4670 4770
1446 1546
3989 4089
2934 3034
742 842
4789 4790
2259 2359
6645 6646
8035 8036
1401 1402
2527 2528
3616 3716
9249 9250
6477 6478
6186 6286
1900 2000
1660 1760
1006 1007
9280 9380
1986 2086
9125 9126
5901 5902
529 629
7903 7904
3687 3688
4816 4916
770 771
9527 9528
5190 5290
8152 8252
771 772
1554 1555
1964 2064
3145 3146
2688 2788
4075 4076
2990 2991
2944 3044
328 329
5256 5356
8998 8999
2692 2792
5717 5817
1485 1585
7391 7392
3453 3454
2699 2700
7090 7091
8477 8478
2834 2835
5507 5607
2656 2657
8913 8914
2023 2024
4130 4131
7378 7478
8510 8610
2737 2738
5152 5252
7987 8087
2867 2967
1940 1941
9810 9910
928 929
9625 9626
38 39
3235 3236
1470 1471
7371 7471
8859 8959
6281 6282
5782 5882
7523 7524
4469 4569
1893 1993
1306 1307
2128 2228
1472 1473
6762 6862
7636 7637
4952 4953
8377 8477
7135 7136
1761 1861
3847 3848
5735 5835
189 190
5945 6045
3728 3828
3108 3208
7116 7117
6096 6097
3022 3023
9773 9873
7469 7569
2091 2092
7364 7464
1146 1246
8623 8723
2534 2634
3045 3145
2980 2981
804 805
3454 3455
5398 5498
8426 8526
4544 4545
1503 1504
2779 2879
3773 3873
7005 7006
3047 3147
1405 1505
1036 1037
7192 7193
3363 3463
5362 5462
5930 5931
8932 8933
1521 1522
5947 6047
4892 4992
1014 1114
990 1090
5039 5040
9708 9709
3839 3840
8879 8880
3163 3263
9599 9699
1621 1622
953 954
7109 7110
2484 2485
8408 8409
4651 4751
8081 8082
7871 7971
1810 1910
7758 7858
7823 7824
6165 6166
5599 5699
3651 3652
240 340
3323 3324
1732 1832
642 742
8170 8270
8612 8712
2968 2969
9320 9420
6643 6644
6888 6889
5185 5186
7458 7459
3837 3838
6404 6504
8178 8278
6495 6496
4957 4958
2753 2754
5725 5825
2662 2762
8981 9081
5070 5071
9379 9479
2769 2770
5508 5509
2676 2776
393 493
602 603
1138 1139
6161 6261
7724 7725
2969 2970
2122 2123
7126 7127
795 796
8783 8883
877 977
7625 7626
5485 5585
755 756
3948 4048
7801 7901
5844 5845
927 928
5285 5385
7847 7848
2790 2791
5940 6040
3882 3883
594 694
4797 4798
4198 4298
5367 5368
1 101
7572 7672
473 573
6524 6624
2989 3089
3647 3747
973 1073
5129 5229
578 579
8677 8777
3750 3751
8926 9026
6303 6403
1371 1471
144 244
8504 8505
6872 6873
6910 6911
17 18
6273 6274
9768 9769
9230 9231
9639 9739
6034 6134
3591 3592
3569 3570
8049 8149
6353 6453
7041 7141
2702 2703
9187 9287
1881 1882
8617 8717
3826 3827
5457 5458
5268 5269
5682 5782
4416 4417
5078 5079
6155 6255
7170 7171
1641 1642
9927 9928
7423 7424
383 384
5768 5769
8698 8699
3297 3397
2085 2086
5951 6051
5417 5517
8675 8775
2008 2108
9224 9225
4534 4634
5811 5812
5612 5712
3635 3735
8153 8154
3492 3592
9304 9404
92 192
877 878
315 316
5261 5361
8464 8564
6253 6353
6116 6117
9433 9533
3473 3474
2543 2643
5650 5750
8162 8163
6188 6288
2741 2742
4473 4474
9596 9696
7490 7491
7664 7764
106 107
3471 3472
994 1094
3028 3128
220 320
3035 3135
6482 6582
9860 9960
6334 6335
4681 4682
3285 3385
6068 6168
8517 8617
8646 8647
9747 9748
5557 5558
1151 1152
4102 4103
9099 9199
5176 5276
2778 2878
1884 1984
8790 8791
9266 9366
8355 8455
1709 1809
8668 8669
3217 3218
4013 4014
9537 9538
3269 3270
3998 4098
7891 7991
1438 1439
4308 4408
8746 8846
1307 1308
2433 2533
710 711
2545 2645
6140 6141
2845 2945
7704 7705
9587 9687
3489 3589
7842 7942
7060 7160
3216 3217
3951 3952
4046 4146
4833 4834
6326 6426
8841 8842
1577 1677
8872 8972
4797 4897
9683 9783
8541 8542
4039 4139
9040 9140
2997 2998
2249 2349
6428 6429
3919 3920
2913 2914
3928 4028
8615 8616
3046 3047
4882 4982
1973 2073
3003 3103
1591 1691
1947 1948
1880 1881
3099 3199
7216 7316
769 869
7349 7350
7068 7069
5695 5696
6574 6674
6923 6924
30 31
313 314
6414 6415
3606 3607
2476 2477
6155 6156
5088 5188
2708 2808
7991 8091
3912 4012
6821 6822
7585 7685
9750 9751
7533 7633
6086 6087
6423 6424
9832 9833
1151 1251
2178 2179
3593 3594
8778 8779
5086 5186
8492 8493
9405 9505
881 882
9612 9712
2689 2690
9121 9221
9731 9732
451 452
9638 9639
8042 8142
2340 2341
6944 6945
7592 7692
3348 3349
3280 3281
6502 6503
9900 10000
8988 8989
5555 5655
5479 5579
2238 2338
4740 4741
7756 7757
7727 7827
5925 6025
5848 5849
8216 8316
4930 4931
6980 6981
6057 6157
2458 2558
8738 8838
7031 7032
671 771
224 324
4178 4179
892 992
9423 9424
3015 3115
9633 9634
5151 5251
121 221
6047 6147
9015 9016
9477 9478
4939 4940
5674 5774
8273 8274
3401 3501
1773 1873
8742 8743
976 977
255 355
497 597
9812 9912
5015 5115
2647 2747
2025 2125
5799 5899
8018 8118
3544 3545
5116 5117
1325 1326
3545 3546
9672 9772
7118 7119
9427 9527
6437 6438
2787 2887
5565 5665
5766 5767
6177 6277
3143 3144
9367 9467
9081 9181
1937 1938
9863 9864
4319 4320
640 740
8697 8698
7248 7249
787 788
1041 1141
2302 2402
5495 5595
8441 8442
5567 5568
1327 1427
7876 7976
9839 9840
7964 7965
2604 2605
8292 8392
1089 1189
7157 7158
730 731
1621 1721
7805 7905
3238 3239
3861 3862
975 1075
5529 5530
9680 9681
8026 8027
486 487
4159 4259
6712 6713
3462 3463
5517 5617
3966 4066
7279 7280
3576 3676
4679 4779
6924 6925
255 256
261 361
4612 4712
6257 6357
7803 7804
2123 2124
866 966
5625 5626
6048 6049
1471 1472
7650 7750
149 249
1740 1840
7730 7830
7951 8051
3774 3775
4247 4347
1248 1348
9012 9112
2265 2266
6056 6156
6870 6871
4062 4063
2719 2819
568 569
7317 7318
1958 1959
6352 6353
3337 3437
3271 3272
4058 4059
9132 9133
8418 8419
2756 2856
1811 1911
1485 1486
2855 2955
619 719
1641 1741
9278 9279
1801 1802
4807 4907
2879 2880
7542 7543
227 327
9334 9335
582 682
1574 1575
4861 4961
8385 8386
4 104
9757 9857
6549 6649
7171 7172
5751 5752
9041 9141
1879 1979
9985 9986
8577 8578
2084 2184
8537 8538
8426 8427
12 112
1435 1436
6584 6684
9646 9746
6580 6581
7966 7967
7078 7178
9371 9471
6640 6740
2991 3091
4415 4416
2650 2651
2581 2582
6619 6620
5998 6098
5622 5623
7521 7522
1623 1624
8741 8742
9295 9395
6113 6114
8702 8802
8459 8559
2405 2406
4944 5044
3684 3784
1404 1405
5952 6052
7188 7288
2717 2817
3888 3988
5326 5426
2738 2838
7225 7226
4794 4894
398 399
3569 3669
6179 6279
2112 2212
4440 4540
6436 6437
7708 7709
185 285
8065 8165
1786 1886
7568 7569
7518 7519
9547 9548
1072 1073
1175 1176
3138 3139
4339 4439
1262 1263
3864 3865
6794 6894
1759 1859
4599 4600
5947 5948
8198 8199
9387 9487
7043 7143
2402 2502
4576 4676
5908 6008
2779 2780
6333 6433
369 469
2677 2777
9797 9897
8518 8519
3442 3443
6498 6598
9784 9884
1437 1438
7413 7414
2423 2523
9861 9961
9066 9166
3331 3332
8528 8529
7177 7277
9831 9931
3317 3417
1827 1828
2431 2531
9429 9529
6091 6191
3125 3126
7851 7852
7889 7890
7834 7934
96 196
2635 2636
8740 8741
7820 7920
7813 7814
6067 6068
3486 3586
9675 9676
4439 4440
1659 1759
2589 2590
2601 2701
5498 5598
4055 4155
8378 8478
4742 4842
3531 3631
2786 2886
5647 5747
4443 4444
3822 3823
2868 2968
2596 2597
3879 3880
9219 9319
7211 7212
6242 6243
505 506
28 128
3305 3306
207 208
6034 6035
837 838
4515 4615
1742 1743
2420 2520
1820 1821
6741 6841
4960 5060
3157 3257
97 197
7248 7348
3478 3479
3955 4055
411 412
5797 5798
2465 2466
8769 8869
2662 2663
3372 3472
8588 8589
1237 1238
8579 8679
2332 2432
5949 5950
855 856
6521 6621
4627 4628
8764 8864
1028 1029
1978 1979
3498 3598
5253 5254
1219 1220
1312 1412
2560 2660
9777 9877
4676 4776
436 536
746 747
5682 5683
3468 3568
1264 1364
1808 1908
391 491
6471 6472
5157 5158
9637 9737
3427 3428
9289 9290
3849 3949
7742 7743
6196 6197
6563 6564
9931 9932
2641 2642
7886 7887
2723 2724
8546 8646
2456 2457
2617 2717
8657 8658
6128 6228
3470 3570
3274 3275
8340 8440
3472 3473
7477 7577
9327 9328
884 885
1375 1475
5820 5821
4274 4275
168 169
3699 3700
7107 7108
1425 1525
3831 3832
3326 3426
4949 4950
8735 8736
2951 2952
8800 8900
4735 4736
2406 2506
4353 4453
6602 6702
3536 3537
5974 5975
6566 6567
633 634
7171 7271
8110 8111
2850 2950
3886 3887
6937 7037
2995 3095
6172 6173
56 156
6246 6247
7770 7771
4283 4284
8765 8766
3559 3560
8903 9003
5892 5992
4501 4601
9182 9183
6665 6666
8420 8520
9737 9837
1788 1888
6573 6673
7706 7806
3528 3628
4007 4107
6352 6452
2767 2867
4543 4643
2766 2767
4072 4172
1613 1713
5904 5905
2844 2845
5533 5633
8257 8258
3602 3603
3155 3156
7906 8006
1750 1751
6385 6386
4936 4937
2308 2309
5414 5415
4787 4788
2666 2667
150 250
6978 7078
6984 6985
6203 6303
580 581
5023 5123
4877 4977
1930 1931
2520 2620
1483 1583
6727 6827
4851 4852
2058 2059
2535 2536
2833 2834
2480 2481
5480 5580
7740 7741
2277 2377
7942 7943
8158 8258
1992 1993
552 553
5355 5356
7029 7030
8295 8296
9295 9296
8261 8262
3527 3528
7747 7748
3711 3712
8563 8663
2482 2582
9832 9932
7702 7802
447 547
2770 2771
9253 9254
1532 1632
2864 2964
5761 5861
583 683
2163 2263
3626 3627
6121 6122
8542 8642
2126 2226
8172 8173
1895 1995
575 675
1055 1056
8636 8736
7923 8023
236 237
3333 3433
3298 3299
3913 4013
9335 9336
4094 4194
43 143
2030 2031
5061 5062
9890 9990
3131 3231
7808 7908
1450 1451
2356 2357
579 580
6700 6800
1397 1398
9205 9305
7241 7341
8906 9006
4825 4826
7346 7347
1695 1795
4009 4109
8709 8710
3376 3476
3781 3782
8713 8714
6503 6504
8622 8623
6222 6322
4183 4184
7990 8090
3092 3192
3564 3664
4749 4750
2421 2521
8884 8885
6578 6579
205 206
1261 1262
4404 4504
1864 1865
4933 5033
157 158
3890 3891
1896 1996
7750 7850
3246 3247
6729 6829
486 586
1133 1233
5423 5523
8494 8594
7216 7217
3165 3166
4790 4890
682 782
2412 2512
9724 9824
7226 7326
5026 5027
6328 6428
7524 7624
2447 2547
8075 8175
245 345
7941 7942
666 766
4302 4303
5809 5810
2873 2874
1754 1755
9287 9288
1379 1479
6124 6125
7880 7881
7069 7169
6789 6790
5120 5220
9787 9788
3009 3109
58 59
1736 1737
1848 1948
6389 6390
5501 5601
1134 1135
3990 4090
3697 3698
6786 6886
6250 6251
1215 1315
6915 7015
7847 7947
7966 8066
2938 2939
3283 3383
1846 1847
3024 3124
1877 1977
3697 3797
1104 1204
6556 6656
1868 1869
8684 8784
2158 2258
2602 2603
8157 8257
7006 7007
8098 8198
7902 8002
8596 8696
3575 3576
5455 5555
5054 5055
9032 9033
6244 6245
2111 2211
8 9
8213 8313
5198 5199
9491 9591
2135 2235
910 1010
4082 4182
3009 3010
3233 3333
4729 4829
8770 8771
6336 6436
7179 7180
1753 1754
9085 9086
7684 7784
4221 4222
2185 2285
4796 4797
2791 2891
933 934
6127 6227
5721 5821
9035 9036
6576 6676
9883 9884
19 119
5291 5292
4910 5010
1993 1994
3071 3072
9426 9427
5387 5388
1211 1311
7334 7434
2860 2861
6175 6176
5520 5521
9497 9498
1147 1148
53 54
2616 2716
3341 3441
1874 1875
1314 1315
7161 7162
515 516
8191 8291
7910 8010
8070 8071
74 75
483 484
7568 7668
1555 1556
3610 3710
8652 8752
7767 7867
6821 6921
437 438
9384 9484
4983 5083
7718 7818
3654 3754
661 662
8932 9032
1692 1792
9926 9927
9082 9083
7910 7911
342 343
6811 6812
8830 8930
7837 7838
5233 5333
2471 2472
9670 9671
705 706
48 148
9453 9454
9730 9830
8903 8904
1721 1722
5828 5928
4160 4161
6730 6731
944 1044
9564 9664
383 483
1460 1560
6531 6631
2477 2577
3869 3870
329 330
1928 1929
3170 3270
2548 2648
1178 1278
1756 1856
1382 1482
3660 3760
8574 8674
2267 2367
7718 7719
1350 1450
1717 1817
7075 7175
3317 3318
98 99
625 626
9818 9819
3958 3959
8790 8890
4584 4684
4357 4457
6572 6672
5663 5763
2151 2251
9762 9862
7189 7289
3075 3076
4530 4630
6403 6404
1395 1495
1134 1234
2002 2102
969 970
8033 8034
8454 8455
5653 5753
1776 1876
2603 2604
484 485
7761 7861
5601 5602
5957 5958
9742 9743
1584 1684
3065 3066
6178 6179
9178 9179
6290 6291
5180 5181
523 623
4158 4159
3197 3297
6755 6855
1047 1048
574 575
2236 2336
4083 4183
8471 8472
4981 4982
8567 8667
8303 8403
5364 5464
24 25
9115 9116
3420 3520
1706 1806
1366 1466
3362 3363
2176 2177
5382 5383
9372 9472
316 317
5759 5760
8893 8993
6018 6118
2609 2610
9561 9562
9880 9980
4331 4332
5365 5465
4396 4496
5269 5270
3309 3409
7722 7723
430 431
533 534
4708 4709
5455 5456
3753 3853
669 769
4717 4718
1214 1314
5626 5726
6601 6701
1538 1539
5961 6061
6185 6186
4756 4856
873 973
9377 9378
7641 7642
1550 1551
9181 9182
5595 5596
6003 6103
220 221
3530 3630
8832 8932
9662 9663
3747 3748
8234 8334
6244 6344
157 257
8875 8975
9738 9739
2755 2756
7802 7803
4447 4547
8956 9056
6612 6613
2073 2173
4071 4072
2216 2217
4012 4013
5532 5632
289 290
1878 1978
4806 4807
7419 7420
1617 1717
633 733
269 270
6772 6872
6261 6262
3990 3991
2432 2433
4834 4934
9730 9731
6635 6636
7935 7936
1236 1237
3947 4047
9257 9357
1506 1606
8069 8169
3844 3944
5855 5856
835 935
7916 7917
4170 4171
7868 7869
7429 7430
1392 1492
3574 3674
8054 8154
9182 9282
840 841
6676 6776
2457 2557
8166 8167
647 747
2781 2782
7809 7909
8079 8080
7959 7960
1251 1252
8142 8143
2782 2783
5308 5408
9813 9814
5259 5359
3686 3687
8597 8598
4214 4215
3158 3159
8923 9023
1011 1111
675 676
2429 2529
6772 6773
2769 2869
7044 7045
5957 6057
6465 6565
3147 3247
2981 2982
2640 2641
9516 9616
3200 3300
4037 4038
6836 6936
6818 6918
5722 5723
2642 2643
1349 1449
5409 5509
1672 1673
9471 9571
7513 7514
6492 6493
8661 8662
5416 5516
2672 2772
8149 8150
4715 4815
3639 3640
3880 3881
6595 6596
2334 2335
5548 5549
1142 1143
9516 9517
118 119
6806 6807
8864 8865
566 666
7057 7157
4967 4968
1806 1807
5342 5442
370 470
4022 4023
5421 5521
3709 3809
5808 5908
2823 2923
1412 1512
1959 2059
4614 4714
3810 3910
6347 6348
9087 9187
3691 3692
3309 3310
3005 3105
4054 4055
8779 8879
6903 7003
3586 3587
9889 9890
143 243
8870 8970
8240 8241
8555 8655
4049 4149
7863 7963
7319 7320
2 3
4507 4508
154 254
3072 3073
4314 4414
1955 2055
4821 4921
9152 9252
9617 9717
5350 5450
9086 9186
5879 5979
9373 9374
5054 5154
8319 8320
9223 9224
3723 3724
5239 5240
105 106
7623 7723
3789 3889
4876 4877
6065 6165
5471 5472
8154 8254
7980 8080
5716 5816
6534 6634
3915 3916
4824 4825
8616 8617
2667 2668
3593 3693
1841 1842
1503 1603
2827 2927
5073 5173
5817 5917
9875 9876
6967 6968
4591 4592
7895 7995
7133 7134
3979 3980
2444 2445
7536 7537
8314 8315
4102 4202
2893 2993
8096 8196
5443 5444
5732 5733
8856 8956
4604 4704
7949 8049
6816 6817
5450 5451
7333 7334
5115 5215
6863 6864
4225 4325
691 791
5783 5883
5426 5526
3354 3454
5914 5915
7064 7164
5578 5579
9028 9029
7119 7120
2056 2057
7166 7266
1364 1365
2486 2487
8614 8714
7813 7913
9461 9561
7921 7922
1805 1905
439 539
8668 8768
7215 7315
732 832
7973 8073
1668 1669
2722 2723
4521 4522
765 766
1554 1654
3777 3877
5540 5541
8337 8338
7154 7155
1473 1573
8463 8464
5236 5237
856 857
2743 2744
7259 7260
9451 9551
9743 9843
5211 5212
9605 9705
2283 2284
2212 2312
353 453
2819 2820
1580 1581
8315 8316
2553 2653
846 946
2644 2645
8075 8076
2316 2416
7760 7860
2310 2311
1259 1260
8438 8538
6260 6261
2187 2287
9575 9675
7047 7147
3026 3126
838 938
2264 2364
3367 3467
9677 9777
2045 2145
1337 1338
1929 1930
7707 7708
1142 1242
2131 2132
5193 5293
6190 6191
9061 9161
9263 9363
4091 4092
1442 1542
7332 7333
1875 1975
1749 1750
8823 8923
4784 4785
1053 1153
8304 8305
2702 2802
2308 2408
1295 1296
6183 6184
2089 2189
7054 7055
4067 4068
7667 7767
1238 1338
6823 6923
2489 2589
6540 6640
3340 3341
8544 8545
5357 5457
1757 1758
6907 7007
3320 3420
8965 8966
2828 2829
655 656
6920 6921
608 708
2423 2424
3078 3079
5203 5204
6717 6817
9802 9902
9468 9568
521 621
6011 6012
4195 4295
5492 5493
7124 7224
997 998
638 639
9490 9590
1453 1454
3893 3993
6675 6676
3670 3770
2490 2590
2906 2907
5258 5259
9708 9808
802 902
89 189
731 831
5127 5128
4294 4394
7304 7404
722 723
7050 7150
2066 2166
5857 5858
5262 5263
9791 9792
2832 2932
7504 7604
3129 3130
508 608
6204 6304
8419 8519
5038 5039
2988 3088
8728 8828
7146 7246
1548 1648
215 216
3797 3897
2787 2788
4913 5013
1316 1317
9655 9656
7159 7259
5264 5364
2703 2704
3703 3803
1177 1178
4001 4002
25 125
5398 5399
6462 6562
3794 3894
6316 6317
8121 8122
2865 2866
6788 6888
7386 7387
2073 2074
2559 2560
61 161
9752 9753
7802 7902
1949 2049
5622 5722
4115 4116
7048 7049
7344 7345
6977 7077
2772 2773
3778 3878
5761 5762
3581 3582
3690 3790
1527 1528
1536 1537
9687 9787
7030 7031
8269 8369
8323 8324
9906 9907
3322 3323
1170 1171
5238 5338
7655 7656
3027 3127
3564 3565
3276 3277
4389 4390
4702 4802
3618 3619
7988 8088
6784 6785
4831 4931
2411 2412
6927 6928
9566 9567
1904 2004
2569 2570
7475 7476
3582 3682
8970 9070
2294 2295
4677 4678
1559 1659
1823 1824
1910 2010
4058 4158
6293 6294
9732 9733
7531 7532
1391 1392
5112 5212
4739 4740
6210 6310
480 481
595 596
9581 9582
4421 4422
7860 7960
4593 4693
8526 8527
5161 5261
2481 2581
3619 3719
1469 1470
9237 9238
9201 9301
1865 1866
8637 8737
2007 2008
5626 5627
3978 4078
1307 1407
1804 1904
3342 3343
3517 3518
2355 2455
7801 7802
9290 9291
8146 8147
565 665
2876 2976
6483 6484
6875 6975
7294 7295
3089 3090
2521 2522
1785 1786
1907 1908
2897 2997
2915 3015
652 653
553 653
2992 2993
6784 6884
679 779
6673 6773
360 460
2272 2372
2749 2849
1106 1206
9242 9243
6853 6953
2551 2552
4771 4871
440 441
9303 9403
5515 5516
2374 2474
4487 4488
350 351
1071 1072
2650 2750
8531 8631
6858 6958
9769 9770
3635 3636
9967 9968
1148 1149
2355 2356
3305 3405
4126 4127
5490 5491
529 530
953 1053
2972 2973
2921 3021
3375 3376
4018 4118
619 620
663 664
7519 7619
7214 7215
6350 6351
2055 2056
1533 1633
5659 5660
7626 7627
8803 8804
4312 4412
7562 7662
897 898
1320 1321
1177 1277
3258 3358
9883 9983
9628 9629
3510 3511
60 61
2457 2458
5708 5709
8897 8997
8226 8227
6237 6337
8709 8809
3058 3059
6245 6345
7423 7523
1031 1131
8839 8939
9671 9672
488 489
7481 7482
5850 5950
768 769
2622 2722
9197 9198
5509 5609
1026 1027
8294 8295
8194 8195
2095 2195
4305 4405
2583 2584
8647 8648
6207 6208
2558 2559
1772 1773
5162 5262
8364 8464
1719 1819
5434 5435
5939 6039
7254 7354
1026 1126
4853 4854
3060 3160
3499 3500
6112 6113
3470 3471
1873 1874
3413 3513
8691 8692
1465 1565
27 28
5846 5946
8145 8245
5210 5310
1224 1225
7874 7875
4889 4989
8262 8263
6319 6419
2917 3017
8586 8587
7567 7568
7586 7587
2636 2637
5899 5999
781 782
7617 7618
2440 2441
232 332
6143 6243
7734 7735
5005 5105
195 295
3096 3196
6635 6735
5196 5296
6754 6755
1163 1263
7125 7126
3955 3956
7577 7677
3866 3867
8255 8256
6372 6472
50 150
9207 9307
6117 6118
8506 8606
6412 6512
1258 1358
501 502
7055 7056
6122 6222
6108 6208
8780 8781
1961 1962
5059 5060
6144 6244
9281 9282
5209 5309
9052 9152
4843 4943
8521 8522
3722 3822
9353 9453
7750 7751
5251 5252
3855 3955
2817 2818
2804 2805
1814 1914
6445 6446
4870 4871
2825 2925
8994 8995
5649 5749
5396 5496
4556 4557
3683 3783
3568 3569
7313 7413
8975 9075
6826 6926
9221 9222
6439 6539
6577 6677
7576 7577
5288 5388
7059 7060
6309 6310
3994 4094
5920 5921
5869 5969
1514 1515
5464 5564
6962 7062
8515 8516
1022 1023
1023 1024
7548 7549
3658 3659
1340 1341
9314 9414
4943 5043
2177 2277
4854 4855
2206 2207
9717 9718
5134 5135
2338 2438
3481 3581
6675 6775
7315 7415
9562 9662
1933 2033
3515 3615
7304 7305
9842 9942
9365 9366
2734 2834
5688 5689
6882 6982
4026 4027
620 621
9010 9110
4003 4103
1186 1286
152 153
1201 1202
5813 5913
6238 6239
8934 8935
9638 9738
2036 2037
2251 2252
908 909
8655 8656
1567 1667
4559 4659
1792 1892
8685 8686
4397 4398
417 517
3052 3053
7755 7855
4775 4776
9924 9925
9096 9097
1283 1383
3157 3158
3024 3025
5689 5690
6680 6681
5449 5450
6743 6843
4443 4543
6288 6388
6664 6665
527 528
6381 6481
9871 9971
7757 7758
2606 2607
8682 8683
8562 8563
5834 5835
4029 4129
2713 2714
7146 7147
2892 2893
7381 7382
5657 5658
1071 1171
7290 7291
8577 8677
559 560
1606 1607
6121 6221
2909 3009
3620 3720
7560 7561
9615 9715
6762 6763
8842 8942
4145 4146
9661 9662
1393 1394
6190 6290
7858 7859
7496 7596
5274 5374
3188 3288
6467 6567
2541 2542
3838 3938
9336 9436
4437 4537
393 394
2547 2548
6207 6307
5651 5652
7852 7952
5662 5663
8545 8645
7884 7984
660 760
677 777
3621 3622
3634 3734
3872 3873
3719 3819
2063 2163
8958 9058
4655 4656
5675 5676
7896 7897
451 551
9226 9326
9049 9149
6000 6100
9145 9146
4632 4633
1851 1852
5639 5739
8727 8827
7336 7436
752 852
45 46
1108 1109
4369 4370
6327 6427
7453 7553
2676 2677
266 366
2051 2151
3025 3026
9465 9565
2603 2703
7058 7158
2643 2644
158 258
692 792
6060 6160
4225 4226
9069 9070
989 990
1699 1700
624 625
265 365
6317 6318
8520 8521
658 659
3681 3781
4685 4785
7657 7658
2441 2442
4336 4436
2963 2964
2844 2944
8878 8978
2848 2948
2530 2630
8259 8260
4612 4613
2899 2999
1704 1705
8289 8389
797 897
8365 8465
3729 3730
1454 1455
2224 2225
2363 2364
6186 6187
